{"type":"FeatureCollection","features":[{"type":"Feature","geometry":{"type":"Polygon","coordinates":[[[140.49043,-8.40731,0.0],[140.48564,-8.41089,0.0],[140.48388,-8.4192,0.0],[140.48469,-8.42173,0.0],[140.48803,-8.42371,0.0],[140.4986,-8.42251,0.0],[140.50248,-8.42476,0.0],[140.50375,-8.42765,0.0],[140.50001,-8.43351,0.0],[140.48872,-8.43948,0.0],[140.49266,-8.44952,0.0],[140.49057,-8.45827,0.0],[140.48778,-8.46151,0.0],[140.48356,-8.46168,0.0],[140.47795,-8.45789,0.0],[140.4682,-8.44737,0.0],[140.46269,-8.44663,0.0],[140.45648,-8.4493,0.0],[140.45415,-8.45211,0.0],[140.45389,-8.45629,0.0],[140.46043,-8.46901,0.0],[140.4597,-8.47316,0.0],[140.45644,-8.47689,0.0],[140.42987,-8.48016,0.0],[140.42292,-8.47892,0.0],[140.417,-8.46072,0.0],[140.40414,-8.45304,0.0],[140.39141,-8.44258,0.0],[140.38565,-8.44067,0.0],[140.37881,-8.44479,0.0],[140.37715,-8.45156,0.0],[140.38038,-8.45749,0.0],[140.39298,-8.46931,0.0],[140.3933,-8.47282,0.0],[140.39179,-8.47518,0.0],[140.3878,-8.47709,0.0],[140.38201,-8.47634,0.0],[140.36988,-8.46587,0.0],[140.36495,-8.46356,0.0],[140.35684,-8.46561,0.0],[140.35079,-8.47124,0.0],[140.35502,-8.47279,0.0],[140.35987,-8.48735,0.0],[140.37699,-8.51022,0.0],[140.41596,-8.54416,0.0],[140.43626,-8.565,0.0],[140.44242,-8.56831,0.0],[140.44378,-8.57112,0.0],[140.44841,-8.5738,0.0],[140.44953,-8.5767,0.0],[140.46123,-8.58714,0.0],[140.47897,-8.59922,0.0],[140.48596,-8.60091,0.0],[140.49043,-8.60613,0.0],[140.4952,-8.60833,0.0],[140.50015,-8.6132,0.0],[140.50962,-8.62923,0.0],[140.51882,-8.6535,0.0],[140.52572,-8.65046,0.0],[140.52738,-8.64594,0.0],[140.53736,-8.63795,0.0],[140.55843,-8.62655,0.0],[140.56587,-8.61579,0.0],[140.57481,-8.60986,0.0],[140.57941,-8.61014,0.0],[140.58628,-8.61416,0.0],[140.59456,-8.62851,0.0],[140.60361,-8.62554,0.0],[140.6165,-8.62407,0.0],[140.62117,-8.62177,0.0],[140.63095,-8.61512,0.0],[140.63519,-8.61003,0.0],[140.63935,-8.6001,0.0],[140.64562,-8.59084,0.0],[140.64585,-8.57637,0.0],[140.6569,-8.5568,0.0],[140.66298,-8.5563,0.0],[140.67119,-8.55015,0.0],[140.67829,-8.549,0.0],[140.68227,-8.54459,0.0],[140.69212,-8.54156,0.0],[140.70271,-8.54165,0.0],[140.71082,-8.5337,0.0],[140.71202,-8.517,0.0],[140.71581,-8.51052,0.0],[140.72032,-8.508,0.0],[140.72194,-8.50461,0.0],[140.71963,-8.5014,0.0],[140.72098,-8.49943,0.0],[140.71657,-8.49363,0.0],[140.71857,-8.49063,0.0],[140.7145,-8.48166,0.0],[140.71735,-8.47336,0.0],[140.71333,-8.46789,0.0],[140.71517,-8.46526,0.0],[140.72106,-8.46412,0.0],[140.72068,-8.46103,0.0],[140.72377,-8.45274,0.0],[140.72151,-8.44781,0.0],[140.71443,-8.44886,0.0],[140.70825,-8.45223,0.0],[140.70172,-8.4494,0.0],[140.70161,-8.44594,0.0],[140.69246,-8.44607,0.0],[140.69088,-8.44425,0.0],[140.68742,-8.44472,0.0],[140.68577,-8.44322,0.0],[140.6844,-8.44482,0.0],[140.6799,-8.445,0.0],[140.67835,-8.4476,0.0],[140.66523,-8.44572,0.0],[140.66288,-8.44372,0.0],[140.66462,-8.43884,0.0],[140.66195,-8.43341,0.0],[140.65451,-8.42922,0.0],[140.65175,-8.42384,0.0],[140.62591,-8.42791,0.0],[140.60929,-8.42491,0.0],[140.59623,-8.4185,0.0],[140.57223,-8.41737,0.0],[140.5664,-8.41286,0.0],[140.56217,-8.41242,0.0],[140.55166,-8.41502,0.0],[140.53756,-8.4082,0.0],[140.52993,-8.416,0.0],[140.52909,-8.41936,0.0],[140.54577,-8.42143,0.0],[140.54892,-8.42378,0.0],[140.54916,-8.42677,0.0],[140.54358,-8.43033,0.0],[140.52797,-8.43219,0.0],[140.50396,-8.41944,0.0],[140.49575,-8.41043,0.0],[140.49043,-8.40731,0.0]]]},"properties":{"NAMOBJ":"Merauke","WADMKC":"Merauke","WADMKK":"Merauke","WADMPR":"Papua Selatan"}},{"type":"Feature","geometry":{"type":"Polygon","coordinates":[[[140.27543,-6.97815,0.0],[140.27324,-6.97604,0.0],[140.26968,-6.97864,0.0],[140.25518,-6.98114,0.0],[140.25411,-6.988,0.0],[140.24904,-6.99765,0.0],[140.2505,-7.00023,0.0],[140.24619,-7.00169,0.0],[140.24366,-7.00559,0.0],[140.24332,-7.01066,0.0],[140.24041,-7.01222,0.0],[140.23808,-7.01708,0.0],[140.23505,-7.01852,0.0],[140.23477,-7.02201,0.0],[140.21284,-7.03084,0.0],[140.2113,-7.03366,0.0],[140.21257,-7.03715,0.0],[140.20941,-7.03949,0.0],[140.21021,-7.0419,0.0],[140.20506,-7.04406,0.0],[140.20427,-7.04648,0.0],[140.20272,-7.04478,0.0],[140.19705,-7.04778,0.0],[140.19733,-7.05009,0.0],[140.19398,-7.05382,0.0],[140.19507,-7.05596,0.0],[140.19286,-7.0546,0.0],[140.18238,-7.0553,0.0],[140.18621,-7.05954,0.0],[140.18661,-7.06433,0.0],[140.18386,-7.06839,0.0],[140.18473,-7.07149,0.0],[140.18365,-7.07345,0.0],[140.18511,-7.076,0.0],[140.18193,-7.07613,0.0],[140.18331,-7.07748,0.0],[140.1799,-7.08568,0.0],[140.17267,-7.0887,0.0],[140.17162,-7.09074,0.0],[140.16762,-7.09095,0.0],[140.16877,-7.09421,0.0],[140.16511,-7.09876,0.0],[140.16305,-7.0981,0.0],[140.15995,-7.10109,0.0],[140.15486,-7.1116,0.0],[140.14384,-7.11651,0.0],[140.14276,-7.11929,0.0],[140.14437,-7.12067,0.0],[140.13948,-7.12545,0.0],[140.13816,-7.12981,0.0],[140.13655,-7.12977,0.0],[140.13499,-7.12715,0.0],[140.13349,-7.13076,0.0],[140.13229,-7.12963,0.0],[140.12659,-7.1321,0.0],[140.12465,-7.12887,0.0],[140.12048,-7.12979,0.0],[140.11371,-7.14805,0.0],[140.10945,-7.14913,0.0],[140.10538,-7.14694,0.0],[140.10232,-7.14923,0.0],[140.0996,-7.16157,0.0],[140.09597,-7.16622,0.0],[140.09607,-7.17352,0.0],[140.10454,-7.17309,0.0],[140.10879,-7.17874,0.0],[140.11162,-7.19742,0.0],[140.11932,-7.21916,0.0],[140.11876,-7.22279,0.0],[140.11305,-7.22918,0.0],[140.11162,-7.24409,0.0],[140.11317,-7.24795,0.0],[140.11221,-7.25166,0.0],[140.11417,-7.25529,0.0],[140.10881,-7.27229,0.0],[140.11015,-7.27603,0.0],[140.10916,-7.28359,0.0],[140.11244,-7.28889,0.0],[140.10781,-7.29326,0.0],[140.11171,-7.29358,0.0],[140.11194,-7.30112,0.0],[140.11514,-7.30182,0.0],[140.11605,-7.30367,0.0],[140.11478,-7.3075,0.0],[140.11679,-7.30861,0.0],[140.11679,-7.31302,0.0],[140.11945,-7.31581,0.0],[140.11637,-7.32019,0.0],[140.11986,-7.31998,0.0],[140.1214,-7.32071,0.0],[140.12174,-7.32352,0.0],[140.12988,-7.32422,0.0],[140.13095,-7.32661,0.0],[140.13558,-7.32827,0.0],[140.13578,-7.33114,0.0],[140.13227,-7.33573,0.0],[140.13357,-7.33811,0.0],[140.1359,-7.34067,0.0],[140.14983,-7.34559,0.0],[140.14692,-7.34837,0.0],[140.14756,-7.35082,0.0],[140.14438,-7.35161,0.0],[140.14548,-7.35303,0.0],[140.14384,-7.35737,0.0],[140.14681,-7.3572,0.0],[140.15078,-7.36535,0.0],[140.1577,-7.36885,0.0],[140.15853,-7.37277,0.0],[140.16238,-7.37565,0.0],[140.16048,-7.38565,0.0],[140.16379,-7.39637,0.0],[140.15968,-7.40244,0.0],[140.16119,-7.409,0.0],[140.15941,-7.4165,0.0],[140.15515,-7.42089,0.0],[140.15867,-7.42577,0.0],[140.16248,-7.42721,0.0],[140.1652,-7.43419,0.0],[140.18119,-7.45404,0.0],[140.19105,-7.4545,0.0],[140.19593,-7.45759,0.0],[140.20647,-7.48955,0.0],[140.20433,-7.50786,0.0],[140.20157,-7.51421,0.0],[140.20325,-7.51602,0.0],[140.21012,-7.51719,0.0],[140.21039,-7.52147,0.0],[140.20864,-7.5245,0.0],[140.21367,-7.52876,0.0],[140.21754,-7.54099,0.0],[140.22447,-7.54217,0.0],[140.22671,-7.54395,0.0],[140.22236,-7.55893,0.0],[140.2239,-7.5635,0.0],[140.22196,-7.58008,0.0],[140.23771,-7.59155,0.0],[140.24567,-7.59408,0.0],[140.2469,-7.60094,0.0],[140.25151,-7.60445,0.0],[140.26069,-7.62127,0.0],[140.2662,-7.62437,0.0],[140.26875,-7.64085,0.0],[140.27316,-7.652,0.0],[140.28504,-7.66183,0.0],[140.2914,-7.66984,0.0],[140.29775,-7.68157,0.0],[140.28557,-7.68832,0.0],[140.27806,-7.69794,0.0],[140.2767,-7.69642,0.0],[140.27749,-7.69006,0.0],[140.27627,-7.68426,0.0],[140.27504,-7.68192,0.0],[140.27344,-7.68229,0.0],[140.26427,-7.69824,0.0],[140.2746,-7.71204,0.0],[140.27463,-7.71495,0.0],[140.27277,-7.71605,0.0],[140.26835,-7.71475,0.0],[140.26394,-7.70898,0.0],[140.25406,-7.70156,0.0],[140.24855,-7.7042,0.0],[140.2426,-7.70324,0.0],[140.23326,-7.70461,0.0],[140.22893,-7.6979,0.0],[140.22173,-7.69535,0.0],[140.21891,-7.69746,0.0],[140.21795,-7.70793,0.0],[140.21613,-7.7097,0.0],[140.21012,-7.70482,0.0],[140.19417,-7.69806,0.0],[140.19108,-7.71314,0.0],[140.20011,-7.72782,0.0],[140.19801,-7.73919,0.0],[140.18823,-7.7465,0.0],[140.18916,-7.75274,0.0],[140.193,-7.75684,0.0],[140.19476,-7.75588,0.0],[140.19953,-7.74094,0.0],[140.21464,-7.74856,0.0],[140.21753,-7.73844,0.0],[140.22002,-7.73861,0.0],[140.22159,-7.74292,0.0],[140.22518,-7.74196,0.0],[140.23484,-7.73066,0.0],[140.24011,-7.73962,0.0],[140.24224,-7.74039,0.0],[140.25006,-7.73739,0.0],[140.25169,-7.73302,0.0],[140.25974,-7.72803,0.0],[140.25998,-7.73092,0.0],[140.26318,-7.73088,0.0],[140.26319,-7.73446,0.0],[140.27052,-7.74021,0.0],[140.28079,-7.74401,0.0],[140.28833,-7.74248,0.0],[140.29516,-7.73793,0.0],[140.31768,-7.72789,0.0],[140.32716,-7.72156,0.0],[140.32883,-7.7189,0.0],[140.33415,-7.71659,0.0],[140.33611,-7.71177,0.0],[140.34022,-7.70942,0.0],[140.34513,-7.70843,0.0],[140.35324,-7.71043,0.0],[140.36318,-7.7097,0.0],[140.37486,-7.71323,0.0],[140.38548,-7.71331,0.0],[140.38687,-7.70869,0.0],[140.38128,-7.7008,0.0],[140.38616,-7.69814,0.0],[140.38381,-7.6938,0.0],[140.38491,-7.68958,0.0],[140.39006,-7.69218,0.0],[140.39707,-7.68933,0.0],[140.41188,-7.68782,0.0],[140.41553,-7.69117,0.0],[140.41665,-7.69658,0.0],[140.4193,-7.70013,0.0],[140.42738,-7.69394,0.0],[140.42698,-7.68592,0.0],[140.43132,-7.68525,0.0],[140.43611,-7.68686,0.0],[140.43676,-7.68318,0.0],[140.44092,-7.68312,0.0],[140.44571,-7.68642,0.0],[140.45108,-7.68482,0.0],[140.45213,-7.68325,0.0],[140.4539,-7.68386,0.0],[140.45337,-7.68209,0.0],[140.45511,-7.68043,0.0],[140.45642,-7.68156,0.0],[140.47329,-7.677,0.0],[140.4813,-7.66835,0.0],[140.48692,-7.66602,0.0],[140.49582,-7.67345,0.0],[140.50418,-7.6759,0.0],[140.50712,-7.67954,0.0],[140.51035,-7.67806,0.0],[140.5177,-7.68027,0.0],[140.52303,-7.67861,0.0],[140.52317,-7.67568,0.0],[140.516,-7.67058,0.0],[140.51867,-7.66623,0.0],[140.51888,-7.6619,0.0],[140.52142,-7.66202,0.0],[140.52232,-7.66055,0.0],[140.51994,-7.65725,0.0],[140.51523,-7.65481,0.0],[140.51645,-7.64518,0.0],[140.51267,-7.64404,0.0],[140.51015,-7.64544,0.0],[140.50793,-7.63644,0.0],[140.49906,-7.63366,0.0],[140.49833,-7.63536,0.0],[140.49518,-7.63329,0.0],[140.49951,-7.62801,0.0],[140.49648,-7.6244,0.0],[140.4963,-7.61954,0.0],[140.49886,-7.61779,0.0],[140.50192,-7.6186,0.0],[140.50337,-7.61142,0.0],[140.50733,-7.607,0.0],[140.50821,-7.60821,0.0],[140.5107,-7.60737,0.0],[140.50963,-7.60425,0.0],[140.51214,-7.60212,0.0],[140.5086,-7.60099,0.0],[140.5101,-7.59809,0.0],[140.51118,-7.60071,0.0],[140.51387,-7.60039,0.0],[140.51395,-7.59879,0.0],[140.51219,-7.59824,0.0],[140.5172,-7.59426,0.0],[140.51856,-7.5906,0.0],[140.51642,-7.5885,0.0],[140.51854,-7.58597,0.0],[140.52196,-7.58598,0.0],[140.51901,-7.58207,0.0],[140.52112,-7.5787,0.0],[140.52363,-7.57882,0.0],[140.52311,-7.57246,0.0],[140.52625,-7.57198,0.0],[140.52935,-7.57498,0.0],[140.52912,-7.57069,0.0],[140.53149,-7.57463,0.0],[140.53391,-7.57393,0.0],[140.53273,-7.57098,0.0],[140.53864,-7.5735,0.0],[140.53739,-7.57023,0.0],[140.54151,-7.56748,0.0],[140.54646,-7.56771,0.0],[140.54551,-7.56173,0.0],[140.55029,-7.56382,0.0],[140.549,-7.56033,0.0],[140.55149,-7.56015,0.0],[140.55051,-7.55819,0.0],[140.55227,-7.55708,0.0],[140.55031,-7.55329,0.0],[140.55268,-7.55331,0.0],[140.55137,-7.55121,0.0],[140.55417,-7.54921,0.0],[140.5533,-7.54566,0.0],[140.55486,-7.54212,0.0],[140.55005,-7.53763,0.0],[140.55287,-7.53667,0.0],[140.55147,-7.53172,0.0],[140.55476,-7.52618,0.0],[140.56046,-7.52566,0.0],[140.5596,-7.52161,0.0],[140.56234,-7.52276,0.0],[140.56432,-7.5176,0.0],[140.56666,-7.51911,0.0],[140.56838,-7.51563,0.0],[140.57179,-7.51759,0.0],[140.57285,-7.51519,0.0],[140.57487,-7.51786,0.0],[140.57707,-7.51648,0.0],[140.57452,-7.51477,0.0],[140.57772,-7.51414,0.0],[140.57764,-7.51209,0.0],[140.57555,-7.51187,0.0],[140.57755,-7.51105,0.0],[140.57714,-7.50818,0.0],[140.57368,-7.50756,0.0],[140.57713,-7.50549,0.0],[140.57587,-7.50413,0.0],[140.57682,-7.50244,0.0],[140.57539,-7.50275,0.0],[140.57423,-7.49806,0.0],[140.57356,-7.49964,0.0],[140.56768,-7.49884,0.0],[140.57091,-7.49756,0.0],[140.56996,-7.49578,0.0],[140.56762,-7.49594,0.0],[140.56746,-7.49185,0.0],[140.5653,-7.49236,0.0],[140.56582,-7.48789,0.0],[140.56383,-7.48914,0.0],[140.56181,-7.48568,0.0],[140.56487,-7.48106,0.0],[140.56451,-7.47961,0.0],[140.56212,-7.4801,0.0],[140.56314,-7.4769,0.0],[140.56191,-7.47077,0.0],[140.56249,-7.46936,0.0],[140.56415,-7.47013,0.0],[140.56438,-7.46765,0.0],[140.56123,-7.46527,0.0],[140.56222,-7.46377,0.0],[140.55579,-7.46074,0.0],[140.55778,-7.46113,0.0],[140.55599,-7.45718,0.0],[140.55981,-7.45672,0.0],[140.55716,-7.44832,0.0],[140.56016,-7.44754,0.0],[140.55998,-7.44551,0.0],[140.5662,-7.44582,0.0],[140.57094,-7.43903,0.0],[140.57284,-7.4422,0.0],[140.57353,-7.43779,0.0],[140.57571,-7.4376,0.0],[140.57448,-7.43937,0.0],[140.57525,-7.44188,0.0],[140.57833,-7.43653,0.0],[140.57997,-7.43697,0.0],[140.58004,-7.43543,0.0],[140.58417,-7.43331,0.0],[140.58466,-7.43512,0.0],[140.58781,-7.43108,0.0],[140.59001,-7.43306,0.0],[140.59135,-7.42927,0.0],[140.59328,-7.42996,0.0],[140.59243,-7.42835,0.0],[140.5983,-7.42791,0.0],[140.60034,-7.42553,0.0],[140.60345,-7.42503,0.0],[140.60604,-7.42566,0.0],[140.60517,-7.42803,0.0],[140.60728,-7.42578,0.0],[140.61091,-7.42743,0.0],[140.61132,-7.42607,0.0],[140.60911,-7.42652,0.0],[140.6102,-7.4242,0.0],[140.61337,-7.42351,0.0],[140.61374,-7.42499,0.0],[140.61405,-7.42276,0.0],[140.61718,-7.4219,0.0],[140.61561,-7.41852,0.0],[140.61942,-7.41478,0.0],[140.61728,-7.40937,0.0],[140.61984,-7.40652,0.0],[140.61834,-7.40661,0.0],[140.61765,-7.40322,0.0],[140.61879,-7.40276,0.0],[140.61593,-7.40035,0.0],[140.61875,-7.39812,0.0],[140.62005,-7.39376,0.0],[140.61808,-7.39096,0.0],[140.61991,-7.39065,0.0],[140.62033,-7.38737,0.0],[140.62291,-7.38544,0.0],[140.62271,-7.38259,0.0],[140.62446,-7.3815,0.0],[140.62347,-7.3796,0.0],[140.62715,-7.37922,0.0],[140.62713,-7.37719,0.0],[140.62984,-7.3761,0.0],[140.62741,-7.37098,0.0],[140.63022,-7.37059,0.0],[140.62914,-7.3672,0.0],[140.63372,-7.36205,0.0],[140.63631,-7.36218,0.0],[140.63483,-7.36,0.0],[140.6395,-7.35867,0.0],[140.6403,-7.35602,0.0],[140.63905,-7.35462,0.0],[140.64117,-7.35364,0.0],[140.6383,-7.35227,0.0],[140.64173,-7.3523,0.0],[140.64191,-7.35015,0.0],[140.64375,-7.35252,0.0],[140.64342,-7.34913,0.0],[140.64531,-7.34775,0.0],[140.64112,-7.34134,0.0],[140.64456,-7.3306,0.0],[140.64346,-7.32607,0.0],[140.645,-7.32288,0.0],[140.64387,-7.31972,0.0],[140.63904,-7.31606,0.0],[140.63954,-7.30942,0.0],[140.63753,-7.29802,0.0],[140.63754,-7.2859,0.0],[140.64787,-7.26509,0.0],[140.64767,-7.26261,0.0],[140.64457,-7.26067,0.0],[140.64292,-7.25734,0.0],[140.63765,-7.2584,0.0],[140.6362,-7.26254,0.0],[140.63186,-7.26119,0.0],[140.6307,-7.25866,0.0],[140.62322,-7.25845,0.0],[140.62261,-7.25704,0.0],[140.61253,-7.26193,0.0],[140.6056,-7.25603,0.0],[140.59425,-7.25463,0.0],[140.59177,-7.25548,0.0],[140.58598,-7.26365,0.0],[140.58095,-7.26573,0.0],[140.5762,-7.26326,0.0],[140.56991,-7.26588,0.0],[140.56496,-7.27569,0.0],[140.56153,-7.27517,0.0],[140.5583,-7.27806,0.0],[140.55135,-7.2778,0.0],[140.54855,-7.27972,0.0],[140.5424,-7.27988,0.0],[140.53072,-7.26667,0.0],[140.51003,-7.25861,0.0],[140.50536,-7.2491,0.0],[140.50155,-7.24805,0.0],[140.50055,-7.24537,0.0],[140.49625,-7.24498,0.0],[140.49543,-7.23212,0.0],[140.48702,-7.23068,0.0],[140.48581,-7.22723,0.0],[140.47946,-7.22505,0.0],[140.47088,-7.21729,0.0],[140.46605,-7.21592,0.0],[140.46358,-7.21753,0.0],[140.46202,-7.21622,0.0],[140.46112,-7.21405,0.0],[140.46264,-7.21035,0.0],[140.45925,-7.20977,0.0],[140.45483,-7.20371,0.0],[140.45265,-7.19119,0.0],[140.45428,-7.18946,0.0],[140.45394,-7.18716,0.0],[140.44919,-7.18296,0.0],[140.44939,-7.18011,0.0],[140.44677,-7.17769,0.0],[140.44798,-7.17679,0.0],[140.44759,-7.17175,0.0],[140.44578,-7.16961,0.0],[140.44929,-7.16557,0.0],[140.44828,-7.16329,0.0],[140.4503,-7.16212,0.0],[140.44913,-7.15879,0.0],[140.4515,-7.15626,0.0],[140.44875,-7.14951,0.0],[140.44976,-7.14828,0.0],[140.44806,-7.147,0.0],[140.44022,-7.14799,0.0],[140.43721,-7.14352,0.0],[140.42796,-7.14037,0.0],[140.42377,-7.14166,0.0],[140.42293,-7.14485,0.0],[140.41104,-7.14841,0.0],[140.40979,-7.15128,0.0],[140.40558,-7.14944,0.0],[140.40046,-7.15114,0.0],[140.39736,-7.15418,0.0],[140.3877,-7.15142,0.0],[140.38215,-7.16325,0.0],[140.38168,-7.16917,0.0],[140.37882,-7.17038,0.0],[140.37465,-7.17545,0.0],[140.37017,-7.17659,0.0],[140.36436,-7.17409,0.0],[140.35975,-7.17682,0.0],[140.35603,-7.17548,0.0],[140.35483,-7.177,0.0],[140.35605,-7.18041,0.0],[140.34482,-7.18121,0.0],[140.34354,-7.18508,0.0],[140.34013,-7.1841,0.0],[140.34336,-7.17982,0.0],[140.34095,-7.17581,0.0],[140.34217,-7.1709,0.0],[140.34076,-7.16858,0.0],[140.34397,-7.15962,0.0],[140.34055,-7.1544,0.0],[140.33737,-7.15342,0.0],[140.33946,-7.14964,0.0],[140.33885,-7.14612,0.0],[140.33585,-7.14417,0.0],[140.33575,-7.13953,0.0],[140.33104,-7.14053,0.0],[140.33025,-7.13616,0.0],[140.32257,-7.13144,0.0],[140.32335,-7.12856,0.0],[140.32203,-7.1248,0.0],[140.31752,-7.11995,0.0],[140.3173,-7.11568,0.0],[140.30874,-7.11306,0.0],[140.30931,-7.10696,0.0],[140.31318,-7.10593,0.0],[140.31002,-7.10255,0.0],[140.31329,-7.09907,0.0],[140.31103,-7.09677,0.0],[140.31464,-7.09487,0.0],[140.31056,-7.09215,0.0],[140.31188,-7.08829,0.0],[140.30578,-7.08727,0.0],[140.30499,-7.08489,0.0],[140.30663,-7.08555,0.0],[140.30719,-7.08432,0.0],[140.29969,-7.07931,0.0],[140.30565,-7.07417,0.0],[140.30703,-7.06516,0.0],[140.30951,-7.06431,0.0],[140.31158,-7.05619,0.0],[140.3181,-7.05428,0.0],[140.32587,-7.05439,0.0],[140.32651,-7.0529,0.0],[140.32307,-7.05027,0.0],[140.32427,-7.04289,0.0],[140.31811,-7.04162,0.0],[140.31941,-7.03397,0.0],[140.31228,-7.03053,0.0],[140.31111,-7.02551,0.0],[140.3079,-7.0241,0.0],[140.30872,-7.02234,0.0],[140.29866,-7.01633,0.0],[140.29339,-7.01052,0.0],[140.28633,-7.00791,0.0],[140.28355,-6.9951,0.0],[140.27543,-6.97815,0.0]]]},"properties":{"NAMOBJ":"Muting","WADMKC":"Muting","WADMKK":"Merauke","WADMPR":"Papua Selatan"}},{"type":"Feature","geometry":{"type":"MultiPolygon","coordinates":[[[[139.44351,-8.24138,0.0],[139.43993,-8.24298,0.0],[139.44388,-8.2428,0.0],[139.44351,-8.24138,0.0]]],[[[139.50344,-7.87952,0.0],[139.48959,-7.87935,0.0],[139.48831,-7.88179,0.0],[139.48935,-7.89096,0.0],[139.48672,-7.89381,0.0],[139.47726,-7.89796,0.0],[139.46771,-7.89684,0.0],[139.45234,-7.90747,0.0],[139.44542,-7.90897,0.0],[139.43961,-7.90821,0.0],[139.43752,-7.91121,0.0],[139.43755,-7.91657,0.0],[139.43128,-7.92078,0.0],[139.42615,-7.92079,0.0],[139.41746,-7.90943,0.0],[139.41384,-7.90999,0.0],[139.4109,-7.91466,0.0],[139.40512,-7.91898,0.0],[139.4033,-7.92376,0.0],[139.40798,-7.94722,0.0],[139.4144,-7.95435,0.0],[139.41289,-7.96231,0.0],[139.40928,-7.96718,0.0],[139.40416,-7.96794,0.0],[139.39797,-7.96512,0.0],[139.39542,-7.96166,0.0],[139.39184,-7.95044,0.0],[139.38988,-7.94905,0.0],[139.38711,-7.94963,0.0],[139.37825,-7.96054,0.0],[139.3784,-7.96374,0.0],[139.3847,-7.97059,0.0],[139.38321,-7.9723,0.0],[139.375,-7.97263,0.0],[139.36484,-7.97045,0.0],[139.36357,-7.9675,0.0],[139.36685,-7.95765,0.0],[139.36286,-7.95565,0.0],[139.35735,-7.95613,0.0],[139.35196,-7.95901,0.0],[139.34886,-7.96541,0.0],[139.34857,-7.97079,0.0],[139.35237,-7.97975,0.0],[139.35088,-7.98205,0.0],[139.34592,-7.98308,0.0],[139.34217,-7.98179,0.0],[139.34002,-7.9789,0.0],[139.33902,-7.9693,0.0],[139.33337,-7.96684,0.0],[139.32822,-7.96707,0.0],[139.3114,-7.97521,0.0],[139.31094,-7.9795,0.0],[139.3155,-7.98988,0.0],[139.31334,-7.99248,0.0],[139.30667,-7.99321,0.0],[139.30279,-7.99266,0.0],[139.30082,-7.9907,0.0],[139.30003,-7.98344,0.0],[139.30129,-7.98039,0.0],[139.30767,-7.97666,0.0],[139.30906,-7.97316,0.0],[139.30677,-7.96881,0.0],[139.30197,-7.96584,0.0],[139.29589,-7.96617,0.0],[139.28592,-7.97175,0.0],[139.27437,-7.9752,0.0],[139.26984,-7.98564,0.0],[139.26577,-7.98751,0.0],[139.26193,-7.98432,0.0],[139.25253,-7.96088,0.0],[139.24878,-7.95672,0.0],[139.24429,-7.95634,0.0],[139.23564,-7.96121,0.0],[139.22805,-7.95403,0.0],[139.22301,-7.95296,0.0],[139.21427,-7.95536,0.0],[139.20844,-7.95915,0.0],[139.20789,-7.9629,0.0],[139.2163,-7.96957,0.0],[139.22115,-7.9801,0.0],[139.22067,-7.98693,0.0],[139.21613,-7.99784,0.0],[139.21746,-8.00334,0.0],[139.22115,-8.00552,0.0],[139.22441,-8.00508,0.0],[139.23614,-7.99155,0.0],[139.24051,-7.99235,0.0],[139.2428,-7.99685,0.0],[139.24207,-8.0035,0.0],[139.23483,-8.01862,0.0],[139.23246,-8.03655,0.0],[139.22873,-8.04632,0.0],[139.2304,-8.05324,0.0],[139.2396,-8.06126,0.0],[139.24304,-8.06735,0.0],[139.24122,-8.07163,0.0],[139.23025,-8.08216,0.0],[139.2263,-8.09602,0.0],[139.22585,-8.09841,0.0],[139.22878,-8.10208,0.0],[139.22913,-8.10783,0.0],[139.23252,-8.11564,0.0],[139.23241,-8.11977,0.0],[139.23921,-8.12621,0.0],[139.24059,-8.13234,0.0],[139.25121,-8.14283,0.0],[139.25109,-8.15039,0.0],[139.27027,-8.16622,0.0],[139.2777,-8.17637,0.0],[139.30467,-8.1819,0.0],[139.30813,-8.18448,0.0],[139.30927,-8.18992,0.0],[139.31555,-8.19641,0.0],[139.33581,-8.20311,0.0],[139.33959,-8.20573,0.0],[139.35092,-8.20361,0.0],[139.38343,-8.20288,0.0],[139.45611,-8.19338,0.0],[139.49675,-8.17225,0.0],[139.50553,-8.17766,0.0],[139.50856,-8.1779,0.0],[139.53254,-8.16494,0.0],[139.58148,-8.14261,0.0],[139.58455,-8.13989,0.0],[139.58127,-8.13691,0.0],[139.5845,-8.12958,0.0],[139.59194,-8.12962,0.0],[139.60808,-8.12605,0.0],[139.63548,-8.11713,0.0],[139.66055,-8.11178,0.0],[139.70653,-8.10438,0.0],[139.71212,-8.10059,0.0],[139.71192,-8.09656,0.0],[139.72284,-8.09926,0.0],[139.77891,-8.09926,0.0],[139.81733,-8.10247,0.0],[139.83369,-8.10058,0.0],[139.85149,-8.10158,0.0],[139.8562,-8.10505,0.0],[139.86168,-8.10589,0.0],[139.86438,-8.10426,0.0],[139.874,-8.10817,0.0],[139.91106,-8.105,0.0],[139.91275,-8.10655,0.0],[139.91978,-8.10683,0.0],[139.93396,-8.10413,0.0],[139.94518,-8.11418,0.0],[139.96999,-8.10631,0.0],[139.98435,-8.09628,0.0],[139.97853,-8.08965,0.0],[139.97763,-8.08392,0.0],[139.97303,-8.08055,0.0],[139.96718,-8.06934,0.0],[139.94924,-8.05889,0.0],[139.94864,-8.05492,0.0],[139.9537,-8.04849,0.0],[139.9514,-8.04443,0.0],[139.95569,-8.03197,0.0],[139.95876,-8.02872,0.0],[139.95932,-8.01968,0.0],[139.95644,-8.01284,0.0],[139.9585,-8.00904,0.0],[139.95815,-7.99872,0.0],[139.96107,-7.99265,0.0],[139.96035,-7.99045,0.0],[139.95506,-7.98855,0.0],[139.93849,-7.98682,0.0],[139.93039,-7.98988,0.0],[139.92361,-7.98303,0.0],[139.91503,-7.98108,0.0],[139.91413,-7.97463,0.0],[139.90988,-7.97273,0.0],[139.90681,-7.96787,0.0],[139.90873,-7.96331,0.0],[139.915,-7.96108,0.0],[139.91061,-7.95766,0.0],[139.9094,-7.94897,0.0],[139.90687,-7.94401,0.0],[139.89792,-7.94032,0.0],[139.89406,-7.93608,0.0],[139.88298,-7.93209,0.0],[139.88071,-7.92876,0.0],[139.87085,-7.92862,0.0],[139.86418,-7.93173,0.0],[139.86092,-7.93037,0.0],[139.85998,-7.92817,0.0],[139.85689,-7.92789,0.0],[139.85347,-7.93186,0.0],[139.84265,-7.93557,0.0],[139.83895,-7.94197,0.0],[139.83352,-7.94625,0.0],[139.82954,-7.94391,0.0],[139.82465,-7.93342,0.0],[139.82032,-7.9311,0.0],[139.81251,-7.93459,0.0],[139.81802,-7.93441,0.0],[139.81289,-7.93578,0.0],[139.81394,-7.93782,0.0],[139.81298,-7.9446,0.0],[139.80945,-7.94345,0.0],[139.81216,-7.94289,0.0],[139.81202,-7.93793,0.0],[139.80847,-7.93576,0.0],[139.80848,-7.94186,0.0],[139.80753,-7.94425,0.0],[139.80523,-7.94378,0.0],[139.80589,-7.94664,0.0],[139.80334,-7.94758,0.0],[139.79792,-7.9463,0.0],[139.79598,-7.94765,0.0],[139.79236,-7.94504,0.0],[139.79077,-7.94614,0.0],[139.79217,-7.94887,0.0],[139.79098,-7.95141,0.0],[139.78845,-7.95002,0.0],[139.78943,-7.94767,0.0],[139.78066,-7.95262,0.0],[139.7674,-7.95295,0.0],[139.76451,-7.95681,0.0],[139.76084,-7.95581,0.0],[139.75574,-7.96195,0.0],[139.74359,-7.97081,0.0],[139.74279,-7.97352,0.0],[139.74028,-7.97379,0.0],[139.737,-7.97002,0.0],[139.73091,-7.97204,0.0],[139.72781,-7.96911,0.0],[139.72475,-7.96925,0.0],[139.71981,-7.95959,0.0],[139.71062,-7.95415,0.0],[139.70734,-7.95602,0.0],[139.70012,-7.9564,0.0],[139.69447,-7.95404,0.0],[139.69654,-7.94525,0.0],[139.69488,-7.93446,0.0],[139.69642,-7.93269,0.0],[139.69647,-7.92718,0.0],[139.69878,-7.9252,0.0],[139.69908,-7.92201,0.0],[139.70129,-7.92095,0.0],[139.70214,-7.91593,0.0],[139.70161,-7.9107,0.0],[139.69537,-7.90408,0.0],[139.69462,-7.90143,0.0],[139.69208,-7.90391,0.0],[139.6897,-7.90206,0.0],[139.68632,-7.90365,0.0],[139.68271,-7.90178,0.0],[139.67852,-7.90432,0.0],[139.66426,-7.90591,0.0],[139.65995,-7.90518,0.0],[139.65735,-7.90149,0.0],[139.64864,-7.90097,0.0],[139.64167,-7.90609,0.0],[139.63556,-7.9028,0.0],[139.63349,-7.89768,0.0],[139.63202,-7.89754,0.0],[139.62763,-7.90369,0.0],[139.62729,-7.90715,0.0],[139.63108,-7.90908,0.0],[139.63608,-7.90859,0.0],[139.63636,-7.9141,0.0],[139.63226,-7.9187,0.0],[139.62639,-7.92062,0.0],[139.62269,-7.91887,0.0],[139.61905,-7.91151,0.0],[139.61361,-7.913,0.0],[139.61199,-7.91655,0.0],[139.61967,-7.92439,0.0],[139.61413,-7.92868,0.0],[139.61043,-7.92803,0.0],[139.60255,-7.92256,0.0],[139.60258,-7.91553,0.0],[139.60739,-7.91164,0.0],[139.60734,-7.91005,0.0],[139.60392,-7.90885,0.0],[139.59107,-7.91157,0.0],[139.58888,-7.91557,0.0],[139.58867,-7.92309,0.0],[139.58545,-7.92094,0.0],[139.57709,-7.90717,0.0],[139.57493,-7.90617,0.0],[139.56389,-7.90996,0.0],[139.55912,-7.91661,0.0],[139.54707,-7.91474,0.0],[139.54245,-7.91946,0.0],[139.53705,-7.92184,0.0],[139.53003,-7.91885,0.0],[139.52935,-7.912,0.0],[139.52742,-7.91053,0.0],[139.52512,-7.91276,0.0],[139.52398,-7.92291,0.0],[139.5205,-7.92457,0.0],[139.51058,-7.91603,0.0],[139.50908,-7.91292,0.0],[139.51334,-7.90723,0.0],[139.5206,-7.90516,0.0],[139.52076,-7.9022,0.0],[139.51132,-7.89759,0.0],[139.50965,-7.89264,0.0],[139.51016,-7.88284,0.0],[139.50344,-7.87952,0.0]]]]},"properties":{"NAMOBJ":"Okaba","WADMKC":"Okaba","WADMKK":"Merauke","WADMPR":"Papua Selatan"}},{"type":"Feature","geometry":{"type":"MultiPolygon","coordinates":[[[[138.44519,-8.35428,0.0],[138.44565,-8.354,0.0],[138.44563,-8.35373,0.0],[138.44519,-8.35428,0.0]]],[[[138.96516,-8.36705,0.0],[138.96546,-8.36497,0.0],[138.96064,-8.35993,0.0],[138.95626,-8.35058,0.0],[138.94459,-8.34362,0.0],[138.9478,-8.35179,0.0],[138.94772,-8.36726,0.0],[138.95184,-8.36973,0.0],[138.9579,-8.36778,0.0],[138.96316,-8.36888,0.0],[138.96516,-8.36705,0.0]]],[[[138.94243,-8.34143,0.0],[138.927,-8.32704,0.0],[138.91981,-8.33543,0.0],[138.92025,-8.34669,0.0],[138.92443,-8.35759,0.0],[138.93349,-8.35961,0.0],[138.94668,-8.36661,0.0],[138.94799,-8.36203,0.0],[138.94766,-8.35165,0.0],[138.94243,-8.34143,0.0]]],[[[138.49776,-8.3216,0.0],[138.48887,-8.32535,0.0],[138.4851,-8.33713,0.0],[138.48097,-8.34418,0.0],[138.4766,-8.34975,0.0],[138.47061,-8.35339,0.0],[138.46345,-8.35385,0.0],[138.44998,-8.35026,0.0],[138.44021,-8.3597,0.0],[138.43517,-8.36235,0.0],[138.41854,-8.36232,0.0],[138.4032,-8.36981,0.0],[138.38714,-8.36927,0.0],[138.37183,-8.37768,0.0],[138.34669,-8.38311,0.0],[138.33809,-8.38247,0.0],[138.32696,-8.37502,0.0],[138.32173,-8.37489,0.0],[138.31438,-8.38148,0.0],[138.30784,-8.39248,0.0],[138.30035,-8.3958,0.0],[138.28003,-8.39438,0.0],[138.26416,-8.39146,0.0],[138.26182,-8.3989,0.0],[138.26399,-8.41548,0.0],[138.26683,-8.41833,0.0],[138.27789,-8.42168,0.0],[138.30381,-8.42394,0.0],[138.30535,-8.42253,0.0],[138.33764,-8.41895,0.0],[138.35539,-8.4152,0.0],[138.37481,-8.4101,0.0],[138.41048,-8.3975,0.0],[138.44453,-8.38075,0.0],[138.4853,-8.35091,0.0],[138.49728,-8.33532,0.0],[138.49892,-8.32426,0.0],[138.49776,-8.3216,0.0]]],[[[138.93901,-8.32282,0.0],[138.93276,-8.31686,0.0],[138.93109,-8.31948,0.0],[138.93161,-8.32269,0.0],[138.95093,-8.34069,0.0],[138.9601,-8.34247,0.0],[138.96519,-8.33517,0.0],[138.96356,-8.33329,0.0],[138.95501,-8.33257,0.0],[138.94735,-8.32981,0.0],[138.93901,-8.32282,0.0]]],[[[138.58357,-8.29218,0.0],[138.57054,-8.29501,0.0],[138.5617,-8.30153,0.0],[138.55495,-8.31396,0.0],[138.5521,-8.32831,0.0],[138.56604,-8.32221,0.0],[138.5697,-8.30778,0.0],[138.58369,-8.29713,0.0],[138.58577,-8.29315,0.0],[138.58357,-8.29218,0.0]]],[[[138.98703,-8.28743,0.0],[138.97958,-8.28786,0.0],[138.97506,-8.29195,0.0],[138.95216,-8.29626,0.0],[138.93603,-8.30617,0.0],[138.93658,-8.31444,0.0],[138.94762,-8.32534,0.0],[138.9593,-8.32933,0.0],[138.97706,-8.31111,0.0],[138.98726,-8.29401,0.0],[138.98703,-8.28743,0.0]]],[[[138.86749,-8.26922,0.0],[138.85909,-8.26647,0.0],[138.85573,-8.26896,0.0],[138.8774,-8.28473,0.0],[138.88373,-8.28773,0.0],[138.89449,-8.28929,0.0],[138.90014,-8.28164,0.0],[138.89148,-8.2677,0.0],[138.87869,-8.27261,0.0],[138.86749,-8.26922,0.0]]],[[[138.99277,-8.26779,0.0],[138.99178,-8.26513,0.0],[138.98962,-8.2655,0.0],[138.97917,-8.27464,0.0],[138.97831,-8.27804,0.0],[138.98034,-8.28711,0.0],[138.98668,-8.28616,0.0],[138.99364,-8.27108,0.0],[138.99277,-8.26779,0.0]]],[[[138.84738,-8.25601,0.0],[138.84681,-8.26003,0.0],[138.85156,-8.26612,0.0],[138.85557,-8.26902,0.0],[138.85909,-8.2663,0.0],[138.84738,-8.25601,0.0]]],[[[138.99494,-8.22885,0.0],[138.98873,-8.23343,0.0],[138.97934,-8.23576,0.0],[138.96856,-8.24091,0.0],[138.96179,-8.2587,0.0],[138.94409,-8.26484,0.0],[138.93559,-8.27751,0.0],[138.92415,-8.27864,0.0],[138.93522,-8.30336,0.0],[138.93739,-8.30372,0.0],[138.95259,-8.29512,0.0],[138.97508,-8.2913,0.0],[138.97962,-8.28727,0.0],[138.97816,-8.27572,0.0],[138.9922,-8.26318,0.0],[138.99047,-8.26099,0.0],[138.994,-8.25388,0.0],[138.99298,-8.24065,0.0],[138.99675,-8.2312,0.0],[138.99345,-8.23031,0.0],[138.99494,-8.22885,0.0]]],[[[138.64952,-8.23324,0.0],[138.65218,-8.23218,0.0],[138.65631,-8.22618,0.0],[138.65464,-8.22316,0.0],[138.64611,-8.2285,0.0],[138.6469,-8.23328,0.0],[138.64952,-8.23324,0.0]]],[[[138.8636,-8.21768,0.0],[138.85049,-8.20737,0.0],[138.84878,-8.20951,0.0],[138.84776,-8.2553,0.0],[138.86134,-8.26713,0.0],[138.87951,-8.27197,0.0],[138.8906,-8.26615,0.0],[138.88627,-8.25557,0.0],[138.88568,-8.23845,0.0],[138.8636,-8.21768,0.0]]],[[[138.6976,-8.1508,0.0],[138.69199,-8.15186,0.0],[138.69012,-8.15508,0.0],[138.7059,-8.16398,0.0],[138.71255,-8.16012,0.0],[138.71135,-8.15727,0.0],[138.70722,-8.15431,0.0],[138.6976,-8.1508,0.0]]],[[[138.75557,-8.14451,0.0],[138.75373,-8.1445,0.0],[138.75002,-8.14986,0.0],[138.7433,-8.15411,0.0],[138.7504,-8.15125,0.0],[138.75708,-8.14548,0.0],[138.75557,-8.14451,0.0]]],[[[138.81514,-8.1382,0.0],[138.79708,-8.14704,0.0],[138.77059,-8.15196,0.0],[138.75594,-8.16131,0.0],[138.7473,-8.16453,0.0],[138.72693,-8.16714,0.0],[138.71038,-8.17163,0.0],[138.69642,-8.17212,0.0],[138.68384,-8.16959,0.0],[138.67873,-8.17047,0.0],[138.67436,-8.1997,0.0],[138.67415,-8.21242,0.0],[138.66859,-8.22669,0.0],[138.6622,-8.23764,0.0],[138.64126,-8.25556,0.0],[138.62103,-8.26693,0.0],[138.60214,-8.28164,0.0],[138.58538,-8.29113,0.0],[138.58497,-8.29669,0.0],[138.57032,-8.30761,0.0],[138.56652,-8.32243,0.0],[138.55142,-8.33029,0.0],[138.55033,-8.33626,0.0],[138.55272,-8.34181,0.0],[138.56345,-8.3507,0.0],[138.5744,-8.35576,0.0],[138.58637,-8.35869,0.0],[138.58726,-8.35731,0.0],[138.58926,-8.3598,0.0],[138.59337,-8.36109,0.0],[138.60386,-8.36116,0.0],[138.60671,-8.36467,0.0],[138.61391,-8.36374,0.0],[138.61499,-8.36518,0.0],[138.61801,-8.36299,0.0],[138.62401,-8.36688,0.0],[138.62637,-8.36602,0.0],[138.62827,-8.36754,0.0],[138.63401,-8.36683,0.0],[138.64432,-8.36811,0.0],[138.64734,-8.36988,0.0],[138.66855,-8.36941,0.0],[138.67223,-8.3717,0.0],[138.67953,-8.37121,0.0],[138.67971,-8.37344,0.0],[138.68476,-8.37561,0.0],[138.6992,-8.376,0.0],[138.70056,-8.37805,0.0],[138.70502,-8.37861,0.0],[138.71016,-8.38181,0.0],[138.73292,-8.38588,0.0],[138.75804,-8.38588,0.0],[138.77624,-8.38413,0.0],[138.78934,-8.38143,0.0],[138.79749,-8.37789,0.0],[138.80564,-8.38193,0.0],[138.8045,-8.38455,0.0],[138.80955,-8.38655,0.0],[138.83217,-8.38919,0.0],[138.86227,-8.39012,0.0],[138.85881,-8.3932,0.0],[138.89004,-8.38783,0.0],[138.90205,-8.3826,0.0],[138.90959,-8.37383,0.0],[138.91257,-8.36453,0.0],[138.91123,-8.34087,0.0],[138.91504,-8.31533,0.0],[138.91463,-8.29889,0.0],[138.90275,-8.28906,0.0],[138.89179,-8.29219,0.0],[138.87437,-8.28619,0.0],[138.84619,-8.26373,0.0],[138.84324,-8.25593,0.0],[138.84231,-8.2449,0.0],[138.84659,-8.20262,0.0],[138.84284,-8.18509,0.0],[138.83874,-8.1737,0.0],[138.82773,-8.15828,0.0],[138.82162,-8.14595,0.0],[138.81514,-8.1382,0.0]]],[[[138.83507,-8.0909,0.0],[138.84403,-8.08312,0.0],[138.84129,-8.08207,0.0],[138.83667,-8.08524,0.0],[138.83365,-8.08964,0.0],[138.83507,-8.0909,0.0]]],[[[139.02116,-7.85387,0.0],[139.01836,-7.85352,0.0],[139.01063,-7.8621,0.0],[138.98848,-7.87588,0.0],[138.96043,-7.89019,0.0],[138.93411,-7.90013,0.0],[138.92279,-7.9072,0.0],[138.91622,-7.91471,0.0],[138.90905,-7.93145,0.0],[138.92111,-7.95774,0.0],[138.9221,-7.97652,0.0],[138.91726,-7.99366,0.0],[138.90738,-8.01434,0.0],[138.90323,-8.03004,0.0],[138.90763,-8.0373,0.0],[138.9171,-8.04537,0.0],[138.92504,-8.05523,0.0],[138.92799,-8.06382,0.0],[138.9267,-8.0712,0.0],[138.9191,-8.08274,0.0],[138.9072,-8.08782,0.0],[138.87591,-8.08671,0.0],[138.85631,-8.09243,0.0],[138.84181,-8.10318,0.0],[138.83775,-8.10928,0.0],[138.83527,-8.11721,0.0],[138.83382,-8.12766,0.0],[138.83555,-8.13871,0.0],[138.8487,-8.16219,0.0],[138.85619,-8.18483,0.0],[138.87972,-8.21627,0.0],[138.89928,-8.23499,0.0],[138.905,-8.24647,0.0],[138.9078,-8.26107,0.0],[138.91033,-8.26624,0.0],[138.92283,-8.27685,0.0],[138.93542,-8.27642,0.0],[138.94295,-8.26455,0.0],[138.96107,-8.25832,0.0],[138.96854,-8.24008,0.0],[138.98834,-8.2328,0.0],[138.99382,-8.22761,0.0],[138.99322,-8.22333,0.0],[138.98972,-8.22047,0.0],[138.99058,-8.21921,0.0],[138.98605,-8.21549,0.0],[138.98688,-8.21277,0.0],[138.98428,-8.20716,0.0],[138.98731,-8.20446,0.0],[138.98272,-8.20301,0.0],[138.97084,-8.20484,0.0],[138.96588,-8.20355,0.0],[138.954,-8.19527,0.0],[138.9479,-8.18509,0.0],[138.94821,-8.18248,0.0],[138.9553,-8.17531,0.0],[138.95494,-8.16562,0.0],[138.95669,-8.15915,0.0],[138.96061,-8.15823,0.0],[138.96152,-8.1446,0.0],[138.96708,-8.14162,0.0],[138.96445,-8.13638,0.0],[138.96737,-8.13442,0.0],[138.96963,-8.13775,0.0],[138.97204,-8.13795,0.0],[138.97133,-8.12961,0.0],[138.97579,-8.1274,0.0],[138.97999,-8.12888,0.0],[138.9816,-8.12464,0.0],[138.98453,-8.12425,0.0],[138.98391,-8.12168,0.0],[138.98591,-8.12176,0.0],[138.98512,-8.11891,0.0],[138.98968,-8.11763,0.0],[138.99981,-8.1285,0.0],[138.99946,-8.13576,0.0],[139.00098,-8.13649,0.0],[139.00751,-8.13447,0.0],[139.00851,-8.13278,0.0],[139.01368,-8.13259,0.0],[139.01232,-8.12817,0.0],[139.01679,-8.1261,0.0],[139.0167,-8.12311,0.0],[139.0212,-8.12406,0.0],[139.02742,-8.11728,0.0],[139.03306,-8.11816,0.0],[139.03294,-8.11503,0.0],[139.03633,-8.11852,0.0],[139.03757,-8.11617,0.0],[139.04354,-8.11452,0.0],[139.0448,-8.11689,0.0],[139.04865,-8.11836,0.0],[139.04742,-8.1219,0.0],[139.05287,-8.12722,0.0],[139.06756,-8.12136,0.0],[139.06609,-8.11914,0.0],[139.06676,-8.11608,0.0],[139.07508,-8.10701,0.0],[139.07079,-8.1045,0.0],[139.0667,-8.1061,0.0],[139.06483,-8.10334,0.0],[139.07201,-8.10203,0.0],[139.075,-8.09593,0.0],[139.07243,-8.08741,0.0],[139.06607,-8.08455,0.0],[139.07435,-8.08265,0.0],[139.07187,-8.07818,0.0],[139.07658,-8.07307,0.0],[139.0768,-8.06873,0.0],[139.08287,-8.06784,0.0],[139.08384,-8.06259,0.0],[139.08635,-8.06296,0.0],[139.0867,-8.06571,0.0],[139.09148,-8.06346,0.0],[139.0898,-8.05811,0.0],[139.09249,-8.0568,0.0],[139.09272,-8.05173,0.0],[139.09481,-8.05061,0.0],[139.09577,-8.04653,0.0],[139.10179,-8.04167,0.0],[139.10138,-8.0378,0.0],[139.0958,-8.03159,0.0],[139.10338,-8.01137,0.0],[139.09738,-8.00452,0.0],[139.09679,-8.00182,0.0],[139.09857,-7.99547,0.0],[139.09733,-7.98487,0.0],[139.09832,-7.97065,0.0],[139.10256,-7.96102,0.0],[139.10409,-7.95227,0.0],[139.09663,-7.94845,0.0],[139.09069,-7.95065,0.0],[139.08595,-7.94617,0.0],[139.07897,-7.94482,0.0],[139.07672,-7.93898,0.0],[139.07375,-7.93763,0.0],[139.06915,-7.93186,0.0],[139.06776,-7.92541,0.0],[139.07052,-7.91343,0.0],[139.06848,-7.90824,0.0],[139.0692,-7.90459,0.0],[139.07481,-7.89883,0.0],[139.07366,-7.89374,0.0],[139.07551,-7.88907,0.0],[139.07409,-7.8838,0.0],[139.06152,-7.88037,0.0],[139.06078,-7.87805,0.0],[139.05437,-7.87541,0.0],[139.05398,-7.87077,0.0],[139.0498,-7.86594,0.0],[139.05138,-7.86295,0.0],[139.04828,-7.8621,0.0],[139.04872,-7.86072,0.0],[139.04524,-7.86024,0.0],[139.04377,-7.86159,0.0],[139.04141,-7.8592,0.0],[139.03573,-7.85909,0.0],[139.03529,-7.85709,0.0],[139.03105,-7.85532,0.0],[139.02116,-7.85387,0.0]]],[[[138.86623,-7.58863,0.0],[138.86391,-7.588,0.0],[138.8587,-7.59223,0.0],[138.86231,-7.59179,0.0],[138.86646,-7.59439,0.0],[138.86862,-7.59775,0.0],[138.86721,-7.59992,0.0],[138.86228,-7.60074,0.0],[138.85645,-7.598,0.0],[138.85045,-7.60037,0.0],[138.84566,-7.60446,0.0],[138.84153,-7.60527,0.0],[138.8388,-7.6122,0.0],[138.83466,-7.61456,0.0],[138.82632,-7.61491,0.0],[138.81907,-7.61326,0.0],[138.81611,-7.61731,0.0],[138.80929,-7.62074,0.0],[138.77483,-7.63149,0.0],[138.77524,-7.63528,0.0],[138.77214,-7.64108,0.0],[138.77253,-7.64587,0.0],[138.77446,-7.64855,0.0],[138.77853,-7.64902,0.0],[138.781,-7.6531,0.0],[138.79005,-7.65767,0.0],[138.79206,-7.66046,0.0],[138.79264,-7.6688,0.0],[138.7884,-7.67333,0.0],[138.78808,-7.67574,0.0],[138.7962,-7.6855,0.0],[138.79437,-7.6912,0.0],[138.7995,-7.69932,0.0],[138.79635,-7.70628,0.0],[138.7977,-7.71026,0.0],[138.7929,-7.71334,0.0],[138.79107,-7.71729,0.0],[138.79241,-7.72226,0.0],[138.79082,-7.72655,0.0],[138.78777,-7.72778,0.0],[138.78367,-7.73476,0.0],[138.78125,-7.7362,0.0],[138.78346,-7.74793,0.0],[138.77914,-7.75591,0.0],[138.77667,-7.78015,0.0],[138.77319,-7.78156,0.0],[138.77814,-7.78788,0.0],[138.77798,-7.78969,0.0],[138.771,-7.78873,0.0],[138.76706,-7.78557,0.0],[138.75301,-7.78133,0.0],[138.75,-7.77865,0.0],[138.72374,-7.78574,0.0],[138.7047,-7.79869,0.0],[138.68995,-7.79593,0.0],[138.67986,-7.80059,0.0],[138.67144,-7.79704,0.0],[138.65303,-7.797,0.0],[138.62375,-7.81294,0.0],[138.61309,-7.82208,0.0],[138.6031,-7.83369,0.0],[138.59244,-7.84102,0.0],[138.58425,-7.84235,0.0],[138.58035,-7.84035,0.0],[138.57598,-7.84055,0.0],[138.55494,-7.85166,0.0],[138.53712,-7.85607,0.0],[138.52068,-7.85577,0.0],[138.50177,-7.85278,0.0],[138.49162,-7.85544,0.0],[138.48359,-7.86333,0.0],[138.46887,-7.88593,0.0],[138.44731,-7.90464,0.0],[138.43716,-7.91123,0.0],[138.42133,-7.91521,0.0],[138.40862,-7.91652,0.0],[138.40542,-7.93303,0.0],[138.40732,-7.94017,0.0],[138.42469,-7.97063,0.0],[138.42779,-7.98562,0.0],[138.42755,-7.99395,0.0],[138.41898,-8.01227,0.0],[138.41708,-8.02631,0.0],[138.4204,-8.04232,0.0],[138.44338,-8.11411,0.0],[138.44929,-8.14699,0.0],[138.45615,-8.16994,0.0],[138.45643,-8.17742,0.0],[138.45004,-8.20175,0.0],[138.44566,-8.20647,0.0],[138.44162,-8.20754,0.0],[138.43942,-8.21263,0.0],[138.43626,-8.2143,0.0],[138.43622,-8.21719,0.0],[138.42919,-8.22395,0.0],[138.40548,-8.23914,0.0],[138.40046,-8.24058,0.0],[138.3822,-8.22111,0.0],[138.3786,-8.21963,0.0],[138.3721,-8.22064,0.0],[138.35858,-8.21721,0.0],[138.35385,-8.21406,0.0],[138.34995,-8.20695,0.0],[138.3522,-8.20315,0.0],[138.35109,-8.19911,0.0],[138.34349,-8.19437,0.0],[138.33829,-8.19399,0.0],[138.33927,-8.19075,0.0],[138.33738,-8.19034,0.0],[138.33345,-8.19668,0.0],[138.33156,-8.1967,0.0],[138.32605,-8.20745,0.0],[138.31767,-8.20834,0.0],[138.30879,-8.21481,0.0],[138.30874,-8.22471,0.0],[138.31777,-8.2455,0.0],[138.31683,-8.24928,0.0],[138.31144,-8.25593,0.0],[138.30559,-8.25918,0.0],[138.29155,-8.2593,0.0],[138.26811,-8.24335,0.0],[138.26145,-8.24288,0.0],[138.264,-8.24742,0.0],[138.25846,-8.25472,0.0],[138.25685,-8.27217,0.0],[138.25229,-8.27769,0.0],[138.25328,-8.28329,0.0],[138.24984,-8.28793,0.0],[138.24752,-8.28684,0.0],[138.24711,-8.28845,0.0],[138.24381,-8.28828,0.0],[138.24597,-8.30503,0.0],[138.24913,-8.31339,0.0],[138.2459,-8.32454,0.0],[138.24865,-8.34743,0.0],[138.24673,-8.34949,0.0],[138.23953,-8.34928,0.0],[138.2351,-8.35197,0.0],[138.23582,-8.36324,0.0],[138.22814,-8.37692,0.0],[138.22809,-8.37938,0.0],[138.23064,-8.37934,0.0],[138.2316,-8.38223,0.0],[138.24757,-8.38513,0.0],[138.2546,-8.38937,0.0],[138.2659,-8.38556,0.0],[138.27535,-8.38905,0.0],[138.2878,-8.38888,0.0],[138.30162,-8.39146,0.0],[138.3105,-8.37852,0.0],[138.32017,-8.37066,0.0],[138.32765,-8.37134,0.0],[138.33891,-8.37842,0.0],[138.3439,-8.37908,0.0],[138.36812,-8.37453,0.0],[138.38835,-8.36527,0.0],[138.4018,-8.36643,0.0],[138.41665,-8.35912,0.0],[138.43534,-8.35873,0.0],[138.44461,-8.34945,0.0],[138.44903,-8.34706,0.0],[138.45491,-8.34707,0.0],[138.4661,-8.35063,0.0],[138.47071,-8.34955,0.0],[138.48021,-8.33856,0.0],[138.48461,-8.32514,0.0],[138.48862,-8.32018,0.0],[138.51463,-8.30977,0.0],[138.53376,-8.30444,0.0],[138.56176,-8.28042,0.0],[138.61494,-8.24856,0.0],[138.65075,-8.20758,0.0],[138.66174,-8.16943,0.0],[138.66973,-8.15767,0.0],[138.6785,-8.14997,0.0],[138.68586,-8.14666,0.0],[138.7024,-8.14574,0.0],[138.71179,-8.15425,0.0],[138.71824,-8.15303,0.0],[138.73532,-8.15404,0.0],[138.7475,-8.14992,0.0],[138.75395,-8.14273,0.0],[138.76244,-8.14344,0.0],[138.77599,-8.13982,0.0],[138.79181,-8.13951,0.0],[138.79787,-8.13786,0.0],[138.80241,-8.13393,0.0],[138.81021,-8.11566,0.0],[138.80944,-8.10233,0.0],[138.81322,-8.09377,0.0],[138.82317,-8.08094,0.0],[138.83819,-8.07321,0.0],[138.84987,-8.06998,0.0],[138.86269,-8.0697,0.0],[138.90009,-8.07567,0.0],[138.91304,-8.07602,0.0],[138.91436,-8.06948,0.0],[138.9126,-8.06112,0.0],[138.89742,-8.05221,0.0],[138.89056,-8.0411,0.0],[138.8885,-8.03334,0.0],[138.88953,-8.02072,0.0],[138.90032,-7.99955,0.0],[138.90194,-7.99235,0.0],[138.90208,-7.96939,0.0],[138.89427,-7.94523,0.0],[138.89061,-7.92745,0.0],[138.89092,-7.91554,0.0],[138.89699,-7.9027,0.0],[138.89647,-7.89736,0.0],[138.89473,-7.89504,0.0],[138.89299,-7.89596,0.0],[138.89055,-7.9023,0.0],[138.8925,-7.90723,0.0],[138.89124,-7.90866,0.0],[138.88198,-7.90276,0.0],[138.88079,-7.89951,0.0],[138.87786,-7.89768,0.0],[138.8741,-7.89834,0.0],[138.86323,-7.89573,0.0],[138.86566,-7.89075,0.0],[138.87018,-7.89106,0.0],[138.87113,-7.88219,0.0],[138.86272,-7.87399,0.0],[138.8669,-7.87119,0.0],[138.86714,-7.86884,0.0],[138.86121,-7.86733,0.0],[138.85748,-7.86161,0.0],[138.86323,-7.85705,0.0],[138.86436,-7.85437,0.0],[138.87002,-7.85217,0.0],[138.87278,-7.84906,0.0],[138.87823,-7.85013,0.0],[138.87988,-7.84174,0.0],[138.88611,-7.83875,0.0],[138.88642,-7.83712,0.0],[138.88925,-7.83706,0.0],[138.88871,-7.83509,0.0],[138.89161,-7.83169,0.0],[138.89492,-7.83176,0.0],[138.89969,-7.82756,0.0],[138.89918,-7.81914,0.0],[138.89591,-7.81303,0.0],[138.89633,-7.80721,0.0],[138.89895,-7.80361,0.0],[138.89843,-7.79527,0.0],[138.89359,-7.79042,0.0],[138.89309,-7.7855,0.0],[138.88857,-7.78155,0.0],[138.88856,-7.77648,0.0],[138.88944,-7.77386,0.0],[138.89436,-7.77137,0.0],[138.90276,-7.77136,0.0],[138.9051,-7.76401,0.0],[138.9031,-7.76129,0.0],[138.89429,-7.75816,0.0],[138.89383,-7.74808,0.0],[138.89132,-7.7479,0.0],[138.89055,-7.74616,0.0],[138.88811,-7.74654,0.0],[138.88895,-7.74399,0.0],[138.8869,-7.74263,0.0],[138.88507,-7.73285,0.0],[138.89057,-7.71723,0.0],[138.88842,-7.71107,0.0],[138.89339,-7.70821,0.0],[138.89418,-7.69759,0.0],[138.88729,-7.68768,0.0],[138.88848,-7.68636,0.0],[138.8871,-7.68282,0.0],[138.88949,-7.68069,0.0],[138.88658,-7.67929,0.0],[138.88799,-7.67603,0.0],[138.88294,-7.67262,0.0],[138.87921,-7.66502,0.0],[138.87587,-7.66497,0.0],[138.87251,-7.66212,0.0],[138.87367,-7.65526,0.0],[138.87985,-7.65734,0.0],[138.87901,-7.65371,0.0],[138.88154,-7.65413,0.0],[138.88228,-7.65233,0.0],[138.88151,-7.6511,0.0],[138.8783,-7.6521,0.0],[138.88142,-7.646,0.0],[138.87595,-7.63991,0.0],[138.8728,-7.63858,0.0],[138.87302,-7.63174,0.0],[138.87465,-7.62933,0.0],[138.88017,-7.62921,0.0],[138.88647,-7.62513,0.0],[138.89088,-7.62579,0.0],[138.89341,-7.62012,0.0],[138.88332,-7.61202,0.0],[138.88462,-7.60278,0.0],[138.88295,-7.60278,0.0],[138.88163,-7.60024,0.0],[138.88249,-7.59768,0.0],[138.88086,-7.59292,0.0],[138.87453,-7.59209,0.0],[138.87111,-7.58784,0.0],[138.86623,-7.58863,0.0]]]]},"properties":{"NAMOBJ":"Kimaam","WADMKC":"Kimaam","WADMKK":"Merauke","WADMPR":"Papua Selatan"}},{"type":"Feature","geometry":{"type":"Polygon","coordinates":[[[140.32998,-8.30699,0.0],[140.33099,-8.30242,0.0],[140.32991,-8.29753,0.0],[140.3262,-8.29331,0.0],[140.32312,-8.29288,0.0],[140.31473,-8.30595,0.0],[140.30302,-8.30797,0.0],[140.30599,-8.31518,0.0],[140.30531,-8.31886,0.0],[140.30298,-8.31922,0.0],[140.29841,-8.31524,0.0],[140.28977,-8.32038,0.0],[140.28882,-8.32525,0.0],[140.29478,-8.32601,0.0],[140.29612,-8.33033,0.0],[140.29191,-8.33394,0.0],[140.28802,-8.33024,0.0],[140.28534,-8.33023,0.0],[140.28485,-8.33318,0.0],[140.28864,-8.33758,0.0],[140.28467,-8.34132,0.0],[140.28382,-8.34544,0.0],[140.27031,-8.35242,0.0],[140.26997,-8.35668,0.0],[140.27768,-8.35945,0.0],[140.27321,-8.36688,0.0],[140.26976,-8.3668,0.0],[140.26322,-8.3602,0.0],[140.25359,-8.35723,0.0],[140.24857,-8.35275,0.0],[140.2457,-8.353,0.0],[140.24803,-8.36286,0.0],[140.2455,-8.37227,0.0],[140.251,-8.37877,0.0],[140.251,-8.38304,0.0],[140.24752,-8.38288,0.0],[140.23628,-8.37236,0.0],[140.23103,-8.37562,0.0],[140.2536,-8.40152,0.0],[140.27456,-8.42096,0.0],[140.27733,-8.42204,0.0],[140.27965,-8.426,0.0],[140.32145,-8.45967,0.0],[140.33878,-8.46926,0.0],[140.35079,-8.47124,0.0],[140.35684,-8.46561,0.0],[140.36568,-8.46364,0.0],[140.38201,-8.47634,0.0],[140.38743,-8.47713,0.0],[140.39144,-8.4754,0.0],[140.3933,-8.47282,0.0],[140.39298,-8.46931,0.0],[140.38038,-8.45749,0.0],[140.37715,-8.45156,0.0],[140.37863,-8.44503,0.0],[140.3851,-8.44066,0.0],[140.39141,-8.44258,0.0],[140.40414,-8.45304,0.0],[140.417,-8.46072,0.0],[140.42167,-8.47746,0.0],[140.42598,-8.48005,0.0],[140.45124,-8.47851,0.0],[140.45781,-8.47592,0.0],[140.46029,-8.47172,0.0],[140.46032,-8.46787,0.0],[140.45452,-8.45846,0.0],[140.45381,-8.45349,0.0],[140.45554,-8.44999,0.0],[140.46181,-8.44685,0.0],[140.46935,-8.44799,0.0],[140.48206,-8.46099,0.0],[140.48646,-8.46186,0.0],[140.48892,-8.46067,0.0],[140.49274,-8.45077,0.0],[140.48872,-8.43948,0.0],[140.50104,-8.43259,0.0],[140.50354,-8.42891,0.0],[140.50343,-8.42604,0.0],[140.4986,-8.42251,0.0],[140.48803,-8.42371,0.0],[140.48469,-8.42173,0.0],[140.48388,-8.4192,0.0],[140.4855,-8.41131,0.0],[140.48825,-8.40785,0.0],[140.48121,-8.40166,0.0],[140.47818,-8.38185,0.0],[140.4518,-8.36599,0.0],[140.44981,-8.36782,0.0],[140.44557,-8.36562,0.0],[140.44317,-8.36197,0.0],[140.44511,-8.35602,0.0],[140.44052,-8.35307,0.0],[140.43987,-8.33801,0.0],[140.43211,-8.3363,0.0],[140.43162,-8.32902,0.0],[140.42696,-8.32137,0.0],[140.42321,-8.31894,0.0],[140.41587,-8.32292,0.0],[140.41455,-8.32037,0.0],[140.41176,-8.32134,0.0],[140.40758,-8.31781,0.0],[140.39968,-8.31995,0.0],[140.39812,-8.32246,0.0],[140.39289,-8.32411,0.0],[140.38423,-8.31987,0.0],[140.38371,-8.3143,0.0],[140.38086,-8.31322,0.0],[140.37742,-8.31414,0.0],[140.3736,-8.3182,0.0],[140.374,-8.32465,0.0],[140.36542,-8.32418,0.0],[140.35582,-8.33665,0.0],[140.35049,-8.34003,0.0],[140.34925,-8.33815,0.0],[140.35311,-8.33417,0.0],[140.35529,-8.32471,0.0],[140.34291,-8.31526,0.0],[140.33775,-8.31925,0.0],[140.33117,-8.31802,0.0],[140.32998,-8.30699,0.0]]]},"properties":{"NAMOBJ":"Semangga","WADMKC":"Semangga","WADMKK":"Merauke","WADMPR":"Papua Selatan"}},{"type":"Feature","geometry":{"type":"Polygon","coordinates":[[[140.61193,-8.06115,0.0],[140.61536,-8.0522,0.0],[140.6125,-8.05001,0.0],[140.60889,-8.05201,0.0],[140.60498,-8.05886,0.0],[140.59908,-8.06143,0.0],[140.59252,-8.06096,0.0],[140.58709,-8.05867,0.0],[140.58376,-8.05924,0.0],[140.57795,-8.06553,0.0],[140.56964,-8.06916,0.0],[140.56993,-8.07265,0.0],[140.57198,-8.07409,0.0],[140.56968,-8.076,0.0],[140.57179,-8.07797,0.0],[140.57135,-8.0839,0.0],[140.56688,-8.08649,0.0],[140.56487,-8.08441,0.0],[140.55925,-8.08451,0.0],[140.55773,-8.08786,0.0],[140.55282,-8.09101,0.0],[140.54907,-8.0893,0.0],[140.5463,-8.08986,0.0],[140.54908,-8.09339,0.0],[140.5455,-8.09552,0.0],[140.54411,-8.09989,0.0],[140.54459,-8.10773,0.0],[140.54357,-8.10847,0.0],[140.54184,-8.1067,0.0],[140.53697,-8.11253,0.0],[140.53523,-8.11065,0.0],[140.53671,-8.10759,0.0],[140.53188,-8.10432,0.0],[140.52946,-8.10457,0.0],[140.52987,-8.10814,0.0],[140.52176,-8.10857,0.0],[140.51828,-8.11445,0.0],[140.51358,-8.11526,0.0],[140.51246,-8.11725,0.0],[140.50996,-8.11379,0.0],[140.50669,-8.11492,0.0],[140.50693,-8.11232,0.0],[140.50486,-8.11415,0.0],[140.50593,-8.11002,0.0],[140.50203,-8.10982,0.0],[140.49863,-8.10669,0.0],[140.499,-8.105,0.0],[140.49245,-8.10442,0.0],[140.49235,-8.10785,0.0],[140.48757,-8.11284,0.0],[140.49037,-8.11763,0.0],[140.48746,-8.12747,0.0],[140.48494,-8.12828,0.0],[140.48198,-8.1244,0.0],[140.47848,-8.1236,0.0],[140.46728,-8.12729,0.0],[140.47043,-8.13064,0.0],[140.47167,-8.13577,0.0],[140.46892,-8.14613,0.0],[140.47878,-8.15777,0.0],[140.47583,-8.1609,0.0],[140.46949,-8.16004,0.0],[140.46556,-8.16322,0.0],[140.46238,-8.16278,0.0],[140.46087,-8.15652,0.0],[140.45641,-8.15608,0.0],[140.454,-8.15388,0.0],[140.45336,-8.14607,0.0],[140.45144,-8.14311,0.0],[140.44836,-8.14228,0.0],[140.44676,-8.14741,0.0],[140.44147,-8.14435,0.0],[140.44332,-8.14015,0.0],[140.44008,-8.13684,0.0],[140.43829,-8.1315,0.0],[140.4339,-8.13404,0.0],[140.43445,-8.13741,0.0],[140.43824,-8.14025,0.0],[140.43462,-8.14389,0.0],[140.43656,-8.14823,0.0],[140.43562,-8.15041,0.0],[140.4308,-8.15281,0.0],[140.42642,-8.14926,0.0],[140.41524,-8.15053,0.0],[140.41884,-8.15596,0.0],[140.41791,-8.15911,0.0],[140.41519,-8.16131,0.0],[140.4173,-8.16187,0.0],[140.41673,-8.16698,0.0],[140.42229,-8.16746,0.0],[140.4277,-8.1729,0.0],[140.43785,-8.17517,0.0],[140.44398,-8.18008,0.0],[140.45402,-8.18209,0.0],[140.45195,-8.1841,0.0],[140.4469,-8.18365,0.0],[140.44187,-8.18587,0.0],[140.43618,-8.19443,0.0],[140.43134,-8.19685,0.0],[140.43637,-8.20809,0.0],[140.43423,-8.21945,0.0],[140.43063,-8.21866,0.0],[140.43033,-8.21549,0.0],[140.43206,-8.2126,0.0],[140.43004,-8.20945,0.0],[140.42263,-8.20766,0.0],[140.41842,-8.2119,0.0],[140.40974,-8.21467,0.0],[140.40108,-8.2203,0.0],[140.39583,-8.22028,0.0],[140.396,-8.22458,0.0],[140.40122,-8.22566,0.0],[140.40833,-8.23289,0.0],[140.41108,-8.24188,0.0],[140.41894,-8.24846,0.0],[140.4232,-8.2544,0.0],[140.42267,-8.25575,0.0],[140.41405,-8.25814,0.0],[140.41111,-8.26996,0.0],[140.41974,-8.28185,0.0],[140.41024,-8.28107,0.0],[140.40001,-8.27592,0.0],[140.38921,-8.27855,0.0],[140.38512,-8.2735,0.0],[140.38119,-8.2734,0.0],[140.3812,-8.27661,0.0],[140.38803,-8.28282,0.0],[140.3883,-8.28932,0.0],[140.39143,-8.29587,0.0],[140.38503,-8.30229,0.0],[140.37742,-8.31414,0.0],[140.38317,-8.31377,0.0],[140.38423,-8.31987,0.0],[140.39317,-8.32416,0.0],[140.39821,-8.32241,0.0],[140.39968,-8.31995,0.0],[140.40758,-8.31781,0.0],[140.41176,-8.32134,0.0],[140.41455,-8.32037,0.0],[140.41587,-8.32292,0.0],[140.42321,-8.31894,0.0],[140.42683,-8.32125,0.0],[140.43162,-8.32902,0.0],[140.43211,-8.3363,0.0],[140.43987,-8.33801,0.0],[140.44052,-8.35307,0.0],[140.44511,-8.35602,0.0],[140.44317,-8.36197,0.0],[140.44579,-8.36586,0.0],[140.44981,-8.36782,0.0],[140.4518,-8.36599,0.0],[140.47818,-8.38185,0.0],[140.48162,-8.40261,0.0],[140.48825,-8.40785,0.0],[140.49364,-8.40861,0.0],[140.50563,-8.42052,0.0],[140.52733,-8.432,0.0],[140.54358,-8.43033,0.0],[140.54916,-8.42677,0.0],[140.54892,-8.42378,0.0],[140.54577,-8.42143,0.0],[140.52909,-8.41936,0.0],[140.52993,-8.416,0.0],[140.53756,-8.4082,0.0],[140.55166,-8.41502,0.0],[140.56217,-8.41242,0.0],[140.5664,-8.41286,0.0],[140.57223,-8.41737,0.0],[140.59623,-8.4185,0.0],[140.60929,-8.42491,0.0],[140.62591,-8.42791,0.0],[140.65175,-8.42384,0.0],[140.65451,-8.42922,0.0],[140.66195,-8.43341,0.0],[140.66462,-8.43884,0.0],[140.66288,-8.44372,0.0],[140.66523,-8.44572,0.0],[140.67835,-8.4476,0.0],[140.6799,-8.445,0.0],[140.6844,-8.44482,0.0],[140.68577,-8.44322,0.0],[140.68742,-8.44472,0.0],[140.69088,-8.44425,0.0],[140.69246,-8.44607,0.0],[140.70161,-8.44594,0.0],[140.70172,-8.4494,0.0],[140.70825,-8.45223,0.0],[140.71908,-8.44747,0.0],[140.73016,-8.4499,0.0],[140.73636,-8.44939,0.0],[140.74153,-8.44506,0.0],[140.73822,-8.437,0.0],[140.7407,-8.43011,0.0],[140.73645,-8.42484,0.0],[140.7371,-8.41649,0.0],[140.73272,-8.41246,0.0],[140.73141,-8.4014,0.0],[140.73609,-8.39887,0.0],[140.74052,-8.39993,0.0],[140.74718,-8.39519,0.0],[140.74705,-8.39312,0.0],[140.7427,-8.38865,0.0],[140.74547,-8.38431,0.0],[140.74519,-8.37351,0.0],[140.74029,-8.37154,0.0],[140.74561,-8.36503,0.0],[140.75,-8.3653,0.0],[140.74973,-8.33932,0.0],[140.76605,-8.3366,0.0],[140.78126,-8.3189,0.0],[140.82123,-8.29349,0.0],[140.8205,-8.26275,0.0],[140.80762,-8.25119,0.0],[140.8035,-8.2519,0.0],[140.80449,-8.24888,0.0],[140.80346,-8.24764,0.0],[140.79968,-8.24703,0.0],[140.80249,-8.24084,0.0],[140.81066,-8.24058,0.0],[140.81233,-8.23892,0.0],[140.75,-8.24672,0.0],[140.7476,-8.24868,0.0],[140.74056,-8.2462,0.0],[140.73257,-8.24853,0.0],[140.72842,-8.24699,0.0],[140.72068,-8.24721,0.0],[140.71791,-8.24457,0.0],[140.71429,-8.24666,0.0],[140.70832,-8.24708,0.0],[140.70333,-8.24393,0.0],[140.69663,-8.24536,0.0],[140.69487,-8.24465,0.0],[140.69282,-8.23864,0.0],[140.69037,-8.23887,0.0],[140.68253,-8.23482,0.0],[140.67884,-8.23853,0.0],[140.67499,-8.23863,0.0],[140.67181,-8.23612,0.0],[140.664,-8.24297,0.0],[140.6584,-8.24576,0.0],[140.65549,-8.2382,0.0],[140.65043,-8.23514,0.0],[140.64838,-8.23178,0.0],[140.64551,-8.23211,0.0],[140.63257,-8.22677,0.0],[140.62578,-8.22801,0.0],[140.62094,-8.22647,0.0],[140.62239,-8.21476,0.0],[140.62109,-8.21003,0.0],[140.61981,-8.2088,0.0],[140.61156,-8.20942,0.0],[140.60426,-8.20487,0.0],[140.61651,-8.20148,0.0],[140.61925,-8.19828,0.0],[140.61909,-8.17635,0.0],[140.6226,-8.1625,0.0],[140.63402,-8.14011,0.0],[140.64255,-8.12823,0.0],[140.65138,-8.12121,0.0],[140.64801,-8.06677,0.0],[140.63611,-8.06324,0.0],[140.63268,-8.05743,0.0],[140.62621,-8.06,0.0],[140.61193,-8.06115,0.0]]]},"properties":{"NAMOBJ":"Tanah Miring","WADMKC":"Tanah Miring","WADMKK":"Merauke","WADMPR":"Papua Selatan"}},{"type":"Feature","geometry":{"type":"Polygon","coordinates":[[[140.67548,-7.73155,0.0],[140.67429,-7.73062,0.0],[140.67074,-7.73268,0.0],[140.66769,-7.73236,0.0],[140.66417,-7.73602,0.0],[140.65144,-7.73794,0.0],[140.64673,-7.73446,0.0],[140.64331,-7.73443,0.0],[140.63229,-7.74093,0.0],[140.62113,-7.74119,0.0],[140.6158,-7.74532,0.0],[140.61483,-7.74795,0.0],[140.61224,-7.74749,0.0],[140.6101,-7.74423,0.0],[140.59687,-7.74846,0.0],[140.59373,-7.75341,0.0],[140.59116,-7.75446,0.0],[140.57603,-7.75132,0.0],[140.57003,-7.75398,0.0],[140.56765,-7.74799,0.0],[140.55899,-7.74837,0.0],[140.55147,-7.75255,0.0],[140.54355,-7.74657,0.0],[140.54037,-7.7546,0.0],[140.53774,-7.75487,0.0],[140.54167,-7.7576,0.0],[140.54252,-7.76167,0.0],[140.54098,-7.76341,0.0],[140.54415,-7.7641,0.0],[140.54506,-7.76597,0.0],[140.54125,-7.76902,0.0],[140.53431,-7.77063,0.0],[140.53303,-7.77304,0.0],[140.53398,-7.77675,0.0],[140.52939,-7.78254,0.0],[140.53627,-7.79255,0.0],[140.53335,-7.80107,0.0],[140.53855,-7.8117,0.0],[140.53361,-7.81172,0.0],[140.52838,-7.81887,0.0],[140.53417,-7.82108,0.0],[140.53926,-7.83159,0.0],[140.53986,-7.84011,0.0],[140.53894,-7.84109,0.0],[140.53305,-7.83818,0.0],[140.52552,-7.837,0.0],[140.52328,-7.83733,0.0],[140.52386,-7.84039,0.0],[140.53107,-7.84352,0.0],[140.53239,-7.84771,0.0],[140.53622,-7.85219,0.0],[140.53281,-7.85994,0.0],[140.53325,-7.86525,0.0],[140.54009,-7.86809,0.0],[140.5478,-7.87921,0.0],[140.55269,-7.88201,0.0],[140.55259,-7.88775,0.0],[140.55991,-7.88687,0.0],[140.56041,-7.88899,0.0],[140.56468,-7.88912,0.0],[140.56438,-7.89132,0.0],[140.56683,-7.89277,0.0],[140.56594,-7.89444,0.0],[140.57219,-7.8943,0.0],[140.57396,-7.89993,0.0],[140.58347,-7.90617,0.0],[140.58529,-7.91223,0.0],[140.59316,-7.91629,0.0],[140.59851,-7.92438,0.0],[140.59888,-7.97349,0.0],[140.59745,-7.99135,0.0],[140.5932,-8.0002,0.0],[140.58882,-8.01652,0.0],[140.5831,-8.02613,0.0],[140.57739,-8.02724,0.0],[140.58153,-8.03664,0.0],[140.58585,-8.03665,0.0],[140.59032,-8.04114,0.0],[140.58822,-8.04144,0.0],[140.58744,-8.04414,0.0],[140.58593,-8.04276,0.0],[140.5776,-8.04676,0.0],[140.57344,-8.05221,0.0],[140.57411,-8.05688,0.0],[140.57259,-8.05641,0.0],[140.56955,-8.05918,0.0],[140.56145,-8.05891,0.0],[140.56327,-8.06234,0.0],[140.56144,-8.06334,0.0],[140.56334,-8.0645,0.0],[140.56175,-8.06626,0.0],[140.56622,-8.0697,0.0],[140.56811,-8.06825,0.0],[140.57243,-8.06876,0.0],[140.57795,-8.06553,0.0],[140.58376,-8.05924,0.0],[140.58709,-8.05867,0.0],[140.59252,-8.06096,0.0],[140.59908,-8.06143,0.0],[140.60498,-8.05886,0.0],[140.60889,-8.05201,0.0],[140.6125,-8.05001,0.0],[140.61536,-8.0522,0.0],[140.61193,-8.06115,0.0],[140.62621,-8.06,0.0],[140.63268,-8.05743,0.0],[140.63611,-8.06324,0.0],[140.64801,-8.06677,0.0],[140.65138,-8.12121,0.0],[140.64255,-8.12823,0.0],[140.63402,-8.14011,0.0],[140.6226,-8.1625,0.0],[140.61909,-8.17635,0.0],[140.61925,-8.19828,0.0],[140.61651,-8.20148,0.0],[140.60426,-8.20487,0.0],[140.61156,-8.20942,0.0],[140.61981,-8.2088,0.0],[140.62109,-8.21003,0.0],[140.62239,-8.21476,0.0],[140.62094,-8.22647,0.0],[140.62578,-8.22801,0.0],[140.63257,-8.22677,0.0],[140.64551,-8.23211,0.0],[140.64838,-8.23178,0.0],[140.65043,-8.23514,0.0],[140.65549,-8.2382,0.0],[140.6584,-8.24576,0.0],[140.664,-8.24297,0.0],[140.67181,-8.23612,0.0],[140.67499,-8.23863,0.0],[140.67884,-8.23853,0.0],[140.68253,-8.23482,0.0],[140.69037,-8.23887,0.0],[140.69282,-8.23864,0.0],[140.69487,-8.24465,0.0],[140.69663,-8.24536,0.0],[140.70333,-8.24393,0.0],[140.70832,-8.24708,0.0],[140.71429,-8.24666,0.0],[140.71791,-8.24457,0.0],[140.72068,-8.24721,0.0],[140.72842,-8.24699,0.0],[140.73257,-8.24853,0.0],[140.74056,-8.2462,0.0],[140.7476,-8.24868,0.0],[140.75,-8.24672,0.0],[140.81233,-8.23892,0.0],[140.81178,-8.23379,0.0],[140.80857,-8.23067,0.0],[140.79814,-8.23156,0.0],[140.79671,-8.22898,0.0],[140.79872,-8.22729,0.0],[140.80445,-8.22682,0.0],[140.81203,-8.21807,0.0],[140.80543,-8.216,0.0],[140.80622,-8.21246,0.0],[140.80977,-8.20963,0.0],[140.81127,-8.20434,0.0],[140.80675,-8.19764,0.0],[140.80888,-8.19244,0.0],[140.80825,-8.18941,0.0],[140.80106,-8.18188,0.0],[140.80109,-8.18024,0.0],[140.80583,-8.17851,0.0],[140.80631,-8.17627,0.0],[140.80058,-8.17005,0.0],[140.79931,-8.16631,0.0],[140.8017,-8.16077,0.0],[140.80919,-8.15497,0.0],[140.79878,-8.14403,0.0],[140.79887,-8.14196,0.0],[140.8003,-8.14166,0.0],[140.80509,-8.1461,0.0],[140.80963,-8.14176,0.0],[140.81053,-8.13622,0.0],[140.8079,-8.13212,0.0],[140.80528,-8.13123,0.0],[140.80308,-8.13204,0.0],[140.80131,-8.13736,0.0],[140.79596,-8.13519,0.0],[140.79465,-8.13336,0.0],[140.79899,-8.12452,0.0],[140.79896,-8.12116,0.0],[140.79027,-8.11667,0.0],[140.79128,-8.11404,0.0],[140.80262,-8.11276,0.0],[140.80597,-8.10552,0.0],[140.81135,-8.10227,0.0],[140.81038,-8.09868,0.0],[140.81215,-8.09517,0.0],[140.81983,-8.09232,0.0],[140.82143,-8.08922,0.0],[140.81975,-8.0791,0.0],[140.82097,-8.07652,0.0],[140.83068,-8.0801,0.0],[140.83139,-8.08587,0.0],[140.83699,-8.08876,0.0],[140.8394,-8.09503,0.0],[140.8417,-8.09511,0.0],[140.84516,-8.09238,0.0],[140.85427,-8.09186,0.0],[140.85966,-8.0944,0.0],[140.86284,-8.09304,0.0],[140.87351,-8.10003,0.0],[140.88405,-8.09921,0.0],[140.8913,-8.10442,0.0],[140.89498,-8.10966,0.0],[140.89823,-8.12464,0.0],[140.89974,-8.12512,0.0],[140.9016,-8.12326,0.0],[140.90172,-8.11801,0.0],[140.90541,-8.11726,0.0],[140.90725,-8.12037,0.0],[140.90623,-8.13273,0.0],[140.90759,-8.13593,0.0],[140.8977,-8.14097,0.0],[140.89028,-8.1401,0.0],[140.89114,-8.14475,0.0],[140.89575,-8.14476,0.0],[140.90223,-8.14203,0.0],[140.90784,-8.14487,0.0],[140.91477,-8.14226,0.0],[140.9224,-8.13259,0.0],[140.91678,-8.13181,0.0],[140.9165,-8.12594,0.0],[140.91801,-8.12581,0.0],[140.92416,-8.12815,0.0],[140.93102,-8.12736,0.0],[140.93228,-8.135,0.0],[140.93397,-8.13507,0.0],[140.9375,-8.13024,0.0],[140.93911,-8.13016,0.0],[140.9488,-8.13447,0.0],[140.94818,-8.13722,0.0],[140.93832,-8.13899,0.0],[140.93413,-8.14208,0.0],[140.93308,-8.14615,0.0],[140.93418,-8.14693,0.0],[140.94597,-8.14138,0.0],[140.95069,-8.14446,0.0],[140.95646,-8.13501,0.0],[140.96335,-8.13083,0.0],[140.96697,-8.13555,0.0],[140.96958,-8.13259,0.0],[140.96749,-8.12091,0.0],[140.97062,-8.10742,0.0],[140.96724,-8.09797,0.0],[140.97894,-8.09064,0.0],[140.97858,-8.08621,0.0],[140.98273,-8.07137,0.0],[140.98032,-8.06687,0.0],[140.98124,-8.06232,0.0],[140.97566,-8.05551,0.0],[140.95529,-8.05663,0.0],[140.92958,-8.05138,0.0],[140.91904,-8.04251,0.0],[140.90421,-8.0,0.0],[140.85159,-7.7509,0.0],[140.73335,-7.74806,0.0],[140.7327,-7.74175,0.0],[140.72722,-7.74005,0.0],[140.71719,-7.74511,0.0],[140.70996,-7.74251,0.0],[140.70091,-7.74375,0.0],[140.68592,-7.73416,0.0],[140.6791,-7.73485,0.0],[140.67548,-7.73155,0.0]]]},"properties":{"NAMOBJ":"Jagebob","WADMKC":"Jagebob","WADMKK":"Merauke","WADMPR":"Papua Selatan"}},{"type":"Feature","geometry":{"type":"Polygon","coordinates":[[[141.01924,-8.04437,0.0],[141.01933,-7.75264,0.0],[140.85159,-7.7509,0.0],[140.90421,-8.0,0.0],[140.91904,-8.04251,0.0],[140.92958,-8.05138,0.0],[140.95529,-8.05663,0.0],[140.97566,-8.05551,0.0],[140.98124,-8.06232,0.0],[140.98032,-8.06687,0.0],[140.98273,-8.07137,0.0],[140.97858,-8.08621,0.0],[140.97894,-8.09064,0.0],[140.96724,-8.09797,0.0],[140.97062,-8.10742,0.0],[140.96749,-8.12091,0.0],[140.96958,-8.13259,0.0],[140.96697,-8.13555,0.0],[140.96335,-8.13083,0.0],[140.95955,-8.13255,0.0],[140.95646,-8.13501,0.0],[140.95069,-8.14446,0.0],[140.94597,-8.14138,0.0],[140.93418,-8.14693,0.0],[140.93308,-8.14615,0.0],[140.93413,-8.14208,0.0],[140.93832,-8.13899,0.0],[140.94818,-8.13722,0.0],[140.9488,-8.13447,0.0],[140.93911,-8.13016,0.0],[140.9375,-8.13024,0.0],[140.93397,-8.13507,0.0],[140.93228,-8.135,0.0],[140.93102,-8.12736,0.0],[140.92416,-8.12815,0.0],[140.91801,-8.12581,0.0],[140.9165,-8.12594,0.0],[140.91678,-8.13181,0.0],[140.9224,-8.13259,0.0],[140.91477,-8.14226,0.0],[140.90784,-8.14487,0.0],[140.90223,-8.14203,0.0],[140.89575,-8.14476,0.0],[140.89114,-8.14475,0.0],[140.89028,-8.1401,0.0],[140.8977,-8.14097,0.0],[140.90759,-8.13593,0.0],[140.90623,-8.13273,0.0],[140.90725,-8.12037,0.0],[140.90541,-8.11726,0.0],[140.90172,-8.11801,0.0],[140.9016,-8.12326,0.0],[140.89974,-8.12512,0.0],[140.89823,-8.12464,0.0],[140.89498,-8.10966,0.0],[140.8913,-8.10442,0.0],[140.88405,-8.09921,0.0],[140.87351,-8.10003,0.0],[140.86284,-8.09304,0.0],[140.85966,-8.0944,0.0],[140.85427,-8.09186,0.0],[140.84516,-8.09238,0.0],[140.8417,-8.09511,0.0],[140.8394,-8.09503,0.0],[140.83699,-8.08876,0.0],[140.83139,-8.08587,0.0],[140.83068,-8.0801,0.0],[140.82383,-8.07679,0.0],[140.82007,-8.07754,0.0],[140.82087,-8.09071,0.0],[140.81816,-8.09349,0.0],[140.81215,-8.09517,0.0],[140.81038,-8.09868,0.0],[140.81135,-8.10227,0.0],[140.80597,-8.10552,0.0],[140.80364,-8.11164,0.0],[140.79128,-8.11404,0.0],[140.79052,-8.11534,0.0],[140.79027,-8.11667,0.0],[140.79896,-8.12116,0.0],[140.79899,-8.12452,0.0],[140.79465,-8.13336,0.0],[140.79596,-8.13519,0.0],[140.80131,-8.13736,0.0],[140.80308,-8.13204,0.0],[140.80528,-8.13123,0.0],[140.8079,-8.13212,0.0],[140.81053,-8.13622,0.0],[140.80963,-8.14176,0.0],[140.80509,-8.1461,0.0],[140.8003,-8.14166,0.0],[140.79887,-8.14196,0.0],[140.79878,-8.14403,0.0],[140.80919,-8.15497,0.0],[140.8017,-8.16077,0.0],[140.79931,-8.16631,0.0],[140.80058,-8.17005,0.0],[140.80631,-8.17627,0.0],[140.80583,-8.17851,0.0],[140.80109,-8.18024,0.0],[140.80106,-8.18188,0.0],[140.80825,-8.18941,0.0],[140.80888,-8.19244,0.0],[140.80675,-8.19764,0.0],[140.81127,-8.20434,0.0],[140.80977,-8.20963,0.0],[140.80622,-8.21246,0.0],[140.80543,-8.216,0.0],[140.81203,-8.21807,0.0],[140.80445,-8.22682,0.0],[140.79872,-8.22729,0.0],[140.79671,-8.22898,0.0],[140.79814,-8.23156,0.0],[140.80005,-8.23178,0.0],[140.80726,-8.23008,0.0],[140.81255,-8.23563,0.0],[140.81066,-8.24058,0.0],[140.80249,-8.24084,0.0],[140.79951,-8.24631,0.0],[140.80449,-8.24888,0.0],[140.8035,-8.2519,0.0],[140.80762,-8.25119,0.0],[140.8205,-8.26275,0.0],[140.82123,-8.29349,0.0],[140.78126,-8.3189,0.0],[140.76605,-8.3366,0.0],[140.74973,-8.33932,0.0],[140.75,-8.3653,0.0],[140.74561,-8.36503,0.0],[140.74029,-8.37154,0.0],[140.74519,-8.37351,0.0],[140.74547,-8.38431,0.0],[140.7427,-8.38865,0.0],[140.74705,-8.39312,0.0],[140.74718,-8.39519,0.0],[140.74052,-8.39993,0.0],[140.73609,-8.39887,0.0],[140.73136,-8.40179,0.0],[140.73272,-8.41246,0.0],[140.7371,-8.41649,0.0],[140.73645,-8.42484,0.0],[140.7407,-8.43011,0.0],[140.73822,-8.437,0.0],[140.74153,-8.44506,0.0],[140.73509,-8.44962,0.0],[140.72232,-8.4483,0.0],[140.72377,-8.45274,0.0],[140.72068,-8.46103,0.0],[140.72106,-8.46412,0.0],[140.71538,-8.46516,0.0],[140.71343,-8.46736,0.0],[140.71735,-8.47336,0.0],[140.7145,-8.48166,0.0],[140.71857,-8.49063,0.0],[140.71657,-8.49363,0.0],[140.72098,-8.49943,0.0],[140.71963,-8.5014,0.0],[140.72194,-8.50461,0.0],[140.72032,-8.508,0.0],[140.71581,-8.51052,0.0],[140.71202,-8.517,0.0],[140.71082,-8.5337,0.0],[140.70271,-8.54165,0.0],[140.69212,-8.54156,0.0],[140.68227,-8.54459,0.0],[140.67829,-8.549,0.0],[140.67119,-8.55015,0.0],[140.66483,-8.55489,0.0],[140.66927,-8.56177,0.0],[140.69806,-8.58332,0.0],[140.704,-8.62438,0.0],[140.74403,-8.65976,0.0],[140.859,-8.68882,0.0],[141.01924,-8.69763,0.0],[141.01924,-8.04437,0.0]]]},"properties":{"NAMOBJ":"Sota","WADMKC":"Sota","WADMKK":"Merauke","WADMPR":"Papua Selatan"}},{"type":"Feature","geometry":{"type":"Polygon","coordinates":[[[140.8546,-6.61816,0.0],[140.84528,-6.61544,0.0],[140.84708,-6.62101,0.0],[140.85257,-6.623,0.0],[140.84951,-6.63121,0.0],[140.84721,-6.6335,0.0],[140.842,-6.63417,0.0],[140.8398,-6.6368,0.0],[140.83698,-6.63716,0.0],[140.8333,-6.63503,0.0],[140.82819,-6.63732,0.0],[140.82481,-6.63955,0.0],[140.82254,-6.64631,0.0],[140.81472,-6.64537,0.0],[140.81219,-6.64882,0.0],[140.80902,-6.64785,0.0],[140.80386,-6.64974,0.0],[140.80471,-6.64427,0.0],[140.80351,-6.64276,0.0],[140.80118,-6.64321,0.0],[140.80086,-6.64672,0.0],[140.80265,-6.64819,0.0],[140.80185,-6.65107,0.0],[140.80377,-6.65063,0.0],[140.80661,-6.65417,0.0],[140.80432,-6.65827,0.0],[140.80587,-6.66166,0.0],[140.80435,-6.6673,0.0],[140.79888,-6.67433,0.0],[140.79442,-6.67739,0.0],[140.79081,-6.67686,0.0],[140.78997,-6.67881,0.0],[140.78763,-6.67835,0.0],[140.78355,-6.68383,0.0],[140.78301,-6.68716,0.0],[140.77378,-6.68267,0.0],[140.76455,-6.68919,0.0],[140.76158,-6.69302,0.0],[140.75138,-6.69306,0.0],[140.73609,-6.68898,0.0],[140.7324,-6.69042,0.0],[140.72881,-6.69535,0.0],[140.71945,-6.69591,0.0],[140.71824,-6.71293,0.0],[140.72015,-6.7159,0.0],[140.71812,-6.7258,0.0],[140.71429,-6.72863,0.0],[140.70965,-6.72909,0.0],[140.70696,-6.736,0.0],[140.71632,-6.74627,0.0],[140.7185,-6.75154,0.0],[140.72272,-6.75302,0.0],[140.72277,-6.75694,0.0],[140.72745,-6.75857,0.0],[140.72654,-6.77001,0.0],[140.72339,-6.77518,0.0],[140.7288,-6.78215,0.0],[140.72642,-6.78687,0.0],[140.72899,-6.79059,0.0],[140.7297,-6.79643,0.0],[140.73417,-6.79687,0.0],[140.73675,-6.80187,0.0],[140.74275,-6.80419,0.0],[140.73946,-6.8098,0.0],[140.74517,-6.81324,0.0],[140.74271,-6.81699,0.0],[140.74297,-6.82145,0.0],[140.74615,-6.83129,0.0],[140.75054,-6.838,0.0],[140.74831,-6.84374,0.0],[140.75197,-6.85161,0.0],[140.75048,-6.85756,0.0],[140.74641,-6.85793,0.0],[140.73997,-6.86246,0.0],[140.74176,-6.86775,0.0],[140.7404,-6.87313,0.0],[140.74392,-6.87238,0.0],[140.75155,-6.87546,0.0],[140.75721,-6.87281,0.0],[140.7624,-6.87631,0.0],[140.75843,-6.88342,0.0],[140.75454,-6.88567,0.0],[140.7656,-6.90608,0.0],[140.76876,-6.90371,0.0],[140.77389,-6.90656,0.0],[140.78007,-6.91493,0.0],[140.78294,-6.926,0.0],[140.78079,-6.93103,0.0],[140.78532,-6.93436,0.0],[140.78802,-6.93399,0.0],[140.78353,-6.94164,0.0],[140.78412,-6.94595,0.0],[140.7864,-6.94851,0.0],[140.78298,-6.95127,0.0],[140.78405,-6.95531,0.0],[140.78741,-6.9577,0.0],[140.7898,-6.95737,0.0],[140.79175,-6.96098,0.0],[140.79061,-6.96727,0.0],[140.79104,-6.96932,0.0],[140.79311,-6.96934,0.0],[140.7931,-6.97494,0.0],[140.7916,-6.9751,0.0],[140.79224,-6.98033,0.0],[140.79886,-6.9795,0.0],[140.79998,-6.98326,0.0],[140.80174,-6.98367,0.0],[140.80391,-6.99422,0.0],[140.80704,-6.99859,0.0],[140.81146,-6.99781,0.0],[140.81362,-6.99977,0.0],[140.82025,-6.99986,0.0],[140.81595,-7.00547,0.0],[140.8176,-7.02058,0.0],[140.82174,-7.0296,0.0],[140.82647,-7.03041,0.0],[140.82891,-7.03657,0.0],[140.82626,-7.04478,0.0],[140.82487,-7.04609,0.0],[140.82224,-7.04531,0.0],[140.8207,-7.0495,0.0],[140.819,-7.04777,0.0],[140.81723,-7.0489,0.0],[140.81469,-7.04783,0.0],[140.81256,-7.04474,0.0],[140.81267,-7.04699,0.0],[140.81069,-7.0462,0.0],[140.81113,-7.0483,0.0],[140.80883,-7.04978,0.0],[140.80352,-7.05044,0.0],[140.80349,-7.05258,0.0],[140.79962,-7.0501,0.0],[140.79962,-7.04832,0.0],[140.79762,-7.04812,0.0],[140.79726,-7.05039,0.0],[140.79584,-7.05055,0.0],[140.79559,-7.04708,0.0],[140.78792,-7.04414,0.0],[140.78826,-7.04032,0.0],[140.78623,-7.04147,0.0],[140.78456,-7.03973,0.0],[140.77919,-7.04041,0.0],[140.7801,-7.03893,0.0],[140.77867,-7.03677,0.0],[140.78047,-7.03583,0.0],[140.77724,-7.03598,0.0],[140.77647,-7.03416,0.0],[140.77446,-7.03599,0.0],[140.77343,-7.03431,0.0],[140.76982,-7.03687,0.0],[140.76956,-7.03531,0.0],[140.76606,-7.03517,0.0],[140.76564,-7.03698,0.0],[140.76431,-7.03687,0.0],[140.76232,-7.03234,0.0],[140.75924,-7.03323,0.0],[140.76083,-7.03034,0.0],[140.75846,-7.02849,0.0],[140.75414,-7.0296,0.0],[140.74989,-7.02755,0.0],[140.74762,-7.03236,0.0],[140.74895,-7.03452,0.0],[140.74635,-7.03518,0.0],[140.74312,-7.03271,0.0],[140.74517,-7.03538,0.0],[140.74411,-7.03599,0.0],[140.73917,-7.03205,0.0],[140.73725,-7.0345,0.0],[140.73475,-7.0325,0.0],[140.73061,-7.03628,0.0],[140.72778,-7.03588,0.0],[140.72765,-7.03446,0.0],[140.72643,-7.03522,0.0],[140.72563,-7.03365,0.0],[140.72284,-7.03403,0.0],[140.72309,-7.03229,0.0],[140.72112,-7.03281,0.0],[140.72166,-7.03446,0.0],[140.71837,-7.03251,0.0],[140.7157,-7.03408,0.0],[140.71722,-7.03579,0.0],[140.71567,-7.03638,0.0],[140.71308,-7.03212,0.0],[140.71104,-7.03471,0.0],[140.7082,-7.03405,0.0],[140.70673,-7.03713,0.0],[140.70821,-7.03794,0.0],[140.70533,-7.03894,0.0],[140.7016,-7.03767,0.0],[140.70177,-7.03578,0.0],[140.69909,-7.03432,0.0],[140.69218,-7.03604,0.0],[140.69269,-7.03304,0.0],[140.68925,-7.03148,0.0],[140.69142,-7.02912,0.0],[140.68812,-7.02895,0.0],[140.68689,-7.02647,0.0],[140.68446,-7.02566,0.0],[140.68321,-7.02908,0.0],[140.68089,-7.02803,0.0],[140.68152,-7.03556,0.0],[140.67989,-7.03686,0.0],[140.67851,-7.03479,0.0],[140.67605,-7.03448,0.0],[140.67686,-7.03862,0.0],[140.67538,-7.03962,0.0],[140.67336,-7.03929,0.0],[140.67354,-7.03487,0.0],[140.67097,-7.03786,0.0],[140.66791,-7.0362,0.0],[140.66622,-7.03765,0.0],[140.66479,-7.03286,0.0],[140.66326,-7.03259,0.0],[140.66075,-7.03374,0.0],[140.65914,-7.0327,0.0],[140.65765,-7.03596,0.0],[140.65428,-7.0378,0.0],[140.65189,-7.03526,0.0],[140.64848,-7.03795,0.0],[140.64856,-7.03968,0.0],[140.64627,-7.03809,0.0],[140.64275,-7.04167,0.0],[140.63892,-7.03756,0.0],[140.63337,-7.0382,0.0],[140.63196,-7.04069,0.0],[140.6297,-7.03946,0.0],[140.62975,-7.04354,0.0],[140.627,-7.04409,0.0],[140.62499,-7.04811,0.0],[140.62614,-7.05042,0.0],[140.62852,-7.04967,0.0],[140.62906,-7.05096,0.0],[140.62623,-7.05332,0.0],[140.62166,-7.05141,0.0],[140.61971,-7.05216,0.0],[140.61956,-7.05397,0.0],[140.62321,-7.05473,0.0],[140.62004,-7.06084,0.0],[140.61819,-7.05918,0.0],[140.61528,-7.06094,0.0],[140.61006,-7.05824,0.0],[140.60943,-7.06244,0.0],[140.60726,-7.06256,0.0],[140.60706,-7.05892,0.0],[140.60533,-7.06262,0.0],[140.60343,-7.05858,0.0],[140.59971,-7.05868,0.0],[140.59796,-7.05545,0.0],[140.59545,-7.0559,0.0],[140.58873,-7.05255,0.0],[140.58851,-7.04847,0.0],[140.59409,-7.04238,0.0],[140.58931,-7.0325,0.0],[140.58915,-7.02459,0.0],[140.59025,-7.0227,0.0],[140.59317,-7.02284,0.0],[140.59302,-7.01789,0.0],[140.60139,-7.01548,0.0],[140.59976,-7.01256,0.0],[140.6001,-7.00519,0.0],[140.59828,-7.00456,0.0],[140.59805,-7.00834,0.0],[140.59587,-7.01026,0.0],[140.59461,-7.00897,0.0],[140.59539,-7.00535,0.0],[140.59227,-7.00604,0.0],[140.59242,-7.00322,0.0],[140.59018,-7.00013,0.0],[140.58859,-7.00124,0.0],[140.58984,-7.00632,0.0],[140.58828,-7.00734,0.0],[140.58698,-7.00598,0.0],[140.5878,-7.00256,0.0],[140.58523,-6.99949,0.0],[140.57559,-7.00263,0.0],[140.57334,-7.00011,0.0],[140.56847,-7.0009,0.0],[140.56687,-6.99853,0.0],[140.56765,-6.99313,0.0],[140.57285,-6.99103,0.0],[140.56926,-6.98961,0.0],[140.57057,-6.9858,0.0],[140.56303,-6.98454,0.0],[140.55744,-6.98172,0.0],[140.55687,-6.98017,0.0],[140.55908,-6.97781,0.0],[140.55474,-6.97643,0.0],[140.55445,-6.97259,0.0],[140.55126,-6.96736,0.0],[140.55218,-6.96097,0.0],[140.55468,-6.96246,0.0],[140.55429,-6.95952,0.0],[140.55555,-6.9585,0.0],[140.55936,-6.96128,0.0],[140.55942,-6.95777,0.0],[140.56227,-6.95637,0.0],[140.56072,-6.95545,0.0],[140.56185,-6.95225,0.0],[140.55879,-6.94852,0.0],[140.55903,-6.94582,0.0],[140.56145,-6.94561,0.0],[140.56193,-6.95002,0.0],[140.56662,-6.95504,0.0],[140.57136,-6.94994,0.0],[140.58251,-6.95037,0.0],[140.58303,-6.94834,0.0],[140.57809,-6.94799,0.0],[140.57751,-6.94171,0.0],[140.57922,-6.94082,0.0],[140.58025,-6.94353,0.0],[140.58226,-6.94391,0.0],[140.58662,-6.94173,0.0],[140.58643,-6.93864,0.0],[140.5839,-6.94126,0.0],[140.58103,-6.93757,0.0],[140.58356,-6.93784,0.0],[140.58287,-6.9358,0.0],[140.58793,-6.92932,0.0],[140.58605,-6.92792,0.0],[140.58374,-6.92966,0.0],[140.58181,-6.92336,0.0],[140.57865,-6.92068,0.0],[140.57326,-6.92162,0.0],[140.5757,-6.91862,0.0],[140.57057,-6.91794,0.0],[140.57391,-6.9104,0.0],[140.5718,-6.91161,0.0],[140.56979,-6.91025,0.0],[140.56849,-6.91166,0.0],[140.56586,-6.91081,0.0],[140.56457,-6.90759,0.0],[140.57018,-6.90856,0.0],[140.56881,-6.90519,0.0],[140.56734,-6.90695,0.0],[140.56489,-6.90458,0.0],[140.56673,-6.90391,0.0],[140.56753,-6.90116,0.0],[140.56239,-6.90252,0.0],[140.56218,-6.89886,0.0],[140.55956,-6.89806,0.0],[140.56431,-6.89188,0.0],[140.56288,-6.889,0.0],[140.56441,-6.88792,0.0],[140.56581,-6.88938,0.0],[140.56985,-6.88671,0.0],[140.56974,-6.88547,0.0],[140.56799,-6.88664,0.0],[140.5675,-6.8841,0.0],[140.57135,-6.88448,0.0],[140.56955,-6.88385,0.0],[140.57082,-6.88169,0.0],[140.56732,-6.88106,0.0],[140.56867,-6.87752,0.0],[140.56561,-6.87466,0.0],[140.5653,-6.86919,0.0],[140.56751,-6.87023,0.0],[140.56761,-6.8677,0.0],[140.5696,-6.866,0.0],[140.5677,-6.86562,0.0],[140.56793,-6.86314,0.0],[140.56648,-6.86322,0.0],[140.56394,-6.85865,0.0],[140.565,-6.85535,0.0],[140.56125,-6.85397,0.0],[140.56256,-6.8497,0.0],[140.55874,-6.84681,0.0],[140.56392,-6.84502,0.0],[140.56775,-6.83566,0.0],[140.564,-6.83453,0.0],[140.5657,-6.83658,0.0],[140.5633,-6.838,0.0],[140.56316,-6.83562,0.0],[140.55816,-6.83721,0.0],[140.55659,-6.83491,0.0],[140.5526,-6.83405,0.0],[140.55255,-6.83263,0.0],[140.55552,-6.8326,0.0],[140.55397,-6.8314,0.0],[140.55701,-6.82953,0.0],[140.55106,-6.82238,0.0],[140.55562,-6.8219,0.0],[140.55183,-6.81924,0.0],[140.5516,-6.81541,0.0],[140.55463,-6.81602,0.0],[140.55285,-6.81399,0.0],[140.5571,-6.80885,0.0],[140.55271,-6.80284,0.0],[140.54747,-6.80073,0.0],[140.55256,-6.79869,0.0],[140.54811,-6.79656,0.0],[140.54221,-6.7997,0.0],[140.53402,-6.71249,0.0],[140.50889,-6.72973,0.0],[140.50661,-6.73098,0.0],[140.50299,-6.7303,0.0],[140.4913,-6.73902,0.0],[140.49074,-6.80395,0.0],[140.48457,-6.80789,0.0],[140.4791,-6.81808,0.0],[140.47394,-6.82028,0.0],[140.46014,-6.83706,0.0],[140.44741,-6.84497,0.0],[140.44224,-6.85009,0.0],[140.43376,-6.86165,0.0],[140.43013,-6.87289,0.0],[140.42651,-6.87694,0.0],[140.42323,-6.88473,0.0],[140.40997,-6.88669,0.0],[140.40919,-6.88925,0.0],[140.39801,-6.90079,0.0],[140.37213,-6.89901,0.0],[140.36553,-6.8946,0.0],[140.36113,-6.89443,0.0],[140.36143,-6.89805,0.0],[140.36553,-6.9046,0.0],[140.36559,-6.90805,0.0],[140.36065,-6.91596,0.0],[140.35601,-6.91953,0.0],[140.35637,-6.92423,0.0],[140.35402,-6.92794,0.0],[140.34445,-6.93237,0.0],[140.33049,-6.93109,0.0],[140.32628,-6.93276,0.0],[140.32018,-6.93844,0.0],[140.32611,-6.94346,0.0],[140.32798,-6.94775,0.0],[140.32661,-6.95087,0.0],[140.31668,-6.95545,0.0],[140.31317,-6.95535,0.0],[140.3033,-6.96083,0.0],[140.29411,-6.96939,0.0],[140.28514,-6.96761,0.0],[140.27824,-6.97489,0.0],[140.27324,-6.97604,0.0],[140.27743,-6.98066,0.0],[140.28298,-6.99368,0.0],[140.28633,-7.00791,0.0],[140.29339,-7.01052,0.0],[140.29866,-7.01633,0.0],[140.30872,-7.02234,0.0],[140.3079,-7.0241,0.0],[140.31111,-7.02551,0.0],[140.31228,-7.03053,0.0],[140.31941,-7.03397,0.0],[140.31811,-7.04162,0.0],[140.32427,-7.04289,0.0],[140.32307,-7.05027,0.0],[140.32651,-7.0529,0.0],[140.32587,-7.05439,0.0],[140.3181,-7.05428,0.0],[140.31158,-7.05619,0.0],[140.30951,-7.06431,0.0],[140.30703,-7.06516,0.0],[140.30565,-7.07417,0.0],[140.29969,-7.07931,0.0],[140.30719,-7.08432,0.0],[140.30663,-7.08555,0.0],[140.30499,-7.08489,0.0],[140.30578,-7.08727,0.0],[140.31188,-7.08829,0.0],[140.31056,-7.09215,0.0],[140.31464,-7.09487,0.0],[140.31103,-7.09677,0.0],[140.31329,-7.09907,0.0],[140.31002,-7.10255,0.0],[140.31318,-7.10593,0.0],[140.30931,-7.10696,0.0],[140.30874,-7.11306,0.0],[140.3173,-7.11568,0.0],[140.31752,-7.11995,0.0],[140.32203,-7.1248,0.0],[140.32335,-7.12856,0.0],[140.32257,-7.13144,0.0],[140.33025,-7.13616,0.0],[140.33104,-7.14053,0.0],[140.33575,-7.13953,0.0],[140.33585,-7.14417,0.0],[140.33885,-7.14612,0.0],[140.33946,-7.14964,0.0],[140.33737,-7.15342,0.0],[140.34055,-7.1544,0.0],[140.34397,-7.15962,0.0],[140.34076,-7.16858,0.0],[140.34217,-7.1709,0.0],[140.34095,-7.17581,0.0],[140.34336,-7.17982,0.0],[140.34013,-7.1841,0.0],[140.34354,-7.18508,0.0],[140.34482,-7.18121,0.0],[140.35605,-7.18041,0.0],[140.35483,-7.177,0.0],[140.35603,-7.17548,0.0],[140.35975,-7.17682,0.0],[140.36436,-7.17409,0.0],[140.37017,-7.17659,0.0],[140.37465,-7.17545,0.0],[140.37882,-7.17038,0.0],[140.38168,-7.16917,0.0],[140.38215,-7.16325,0.0],[140.3877,-7.15142,0.0],[140.39736,-7.15418,0.0],[140.40046,-7.15114,0.0],[140.40558,-7.14944,0.0],[140.40979,-7.15128,0.0],[140.41104,-7.14841,0.0],[140.42293,-7.14485,0.0],[140.42377,-7.14166,0.0],[140.42796,-7.14037,0.0],[140.43721,-7.14352,0.0],[140.44022,-7.14799,0.0],[140.44771,-7.14693,0.0],[140.44976,-7.14828,0.0],[140.44875,-7.14951,0.0],[140.4515,-7.15626,0.0],[140.44913,-7.15879,0.0],[140.4503,-7.16212,0.0],[140.44828,-7.16329,0.0],[140.44929,-7.16557,0.0],[140.44578,-7.16961,0.0],[140.44759,-7.17175,0.0],[140.44798,-7.17679,0.0],[140.44677,-7.17769,0.0],[140.44939,-7.18011,0.0],[140.44919,-7.18296,0.0],[140.45394,-7.18716,0.0],[140.45428,-7.18946,0.0],[140.45265,-7.19119,0.0],[140.45483,-7.20371,0.0],[140.45925,-7.20977,0.0],[140.46264,-7.21035,0.0],[140.46112,-7.21405,0.0],[140.46202,-7.21622,0.0],[140.46358,-7.21753,0.0],[140.46605,-7.21592,0.0],[140.47088,-7.21729,0.0],[140.47946,-7.22505,0.0],[140.48581,-7.22723,0.0],[140.48702,-7.23068,0.0],[140.49543,-7.23212,0.0],[140.49625,-7.24498,0.0],[140.50055,-7.24537,0.0],[140.50155,-7.24805,0.0],[140.50536,-7.2491,0.0],[140.51003,-7.25861,0.0],[140.53072,-7.26667,0.0],[140.5424,-7.27988,0.0],[140.54855,-7.27972,0.0],[140.55135,-7.2778,0.0],[140.5583,-7.27806,0.0],[140.56153,-7.27517,0.0],[140.56496,-7.27569,0.0],[140.56991,-7.26588,0.0],[140.5762,-7.26326,0.0],[140.58095,-7.26573,0.0],[140.58598,-7.26365,0.0],[140.59177,-7.25548,0.0],[140.59434,-7.25461,0.0],[140.6056,-7.25603,0.0],[140.61235,-7.26192,0.0],[140.62261,-7.25704,0.0],[140.62322,-7.25845,0.0],[140.6307,-7.25866,0.0],[140.63186,-7.26119,0.0],[140.6362,-7.26254,0.0],[140.63765,-7.2584,0.0],[140.64292,-7.25734,0.0],[140.64457,-7.26067,0.0],[140.64767,-7.26261,0.0],[140.64734,-7.26702,0.0],[140.64247,-7.27375,0.0],[140.64278,-7.27629,0.0],[140.63754,-7.2859,0.0],[140.63891,-7.31555,0.0],[140.64387,-7.31972,0.0],[140.64509,-7.32359,0.0],[140.64347,-7.3259,0.0],[140.64458,-7.33049,0.0],[140.64115,-7.34174,0.0],[140.64531,-7.34775,0.0],[140.64342,-7.34913,0.0],[140.64375,-7.35252,0.0],[140.64191,-7.35015,0.0],[140.64173,-7.3523,0.0],[140.63821,-7.3524,0.0],[140.64114,-7.35348,0.0],[140.63905,-7.35462,0.0],[140.6403,-7.35602,0.0],[140.6395,-7.35867,0.0],[140.63483,-7.36,0.0],[140.63631,-7.36218,0.0],[140.63372,-7.36205,0.0],[140.62914,-7.3672,0.0],[140.63022,-7.37059,0.0],[140.62741,-7.37098,0.0],[140.62984,-7.3761,0.0],[140.62713,-7.37719,0.0],[140.62715,-7.37922,0.0],[140.62345,-7.37964,0.0],[140.62446,-7.3815,0.0],[140.62271,-7.38259,0.0],[140.62291,-7.38544,0.0],[140.62033,-7.38737,0.0],[140.61991,-7.39065,0.0],[140.61806,-7.39101,0.0],[140.61809,-7.39266,0.0],[140.62005,-7.39351,0.0],[140.61879,-7.39804,0.0],[140.61592,-7.40024,0.0],[140.61879,-7.40276,0.0],[140.61765,-7.40322,0.0],[140.61834,-7.40661,0.0],[140.61985,-7.40635,0.0],[140.61728,-7.40937,0.0],[140.61942,-7.41478,0.0],[140.61566,-7.41883,0.0],[140.62422,-7.42694,0.0],[140.62672,-7.42765,0.0],[140.6304,-7.4267,0.0],[140.63576,-7.42837,0.0],[140.64528,-7.4267,0.0],[140.65351,-7.43141,0.0],[140.68134,-7.42681,0.0],[140.68967,-7.42412,0.0],[140.69342,-7.4208,0.0],[140.69592,-7.4154,0.0],[140.69656,-7.39526,0.0],[140.69927,-7.38841,0.0],[140.69702,-7.33962,0.0],[140.69818,-7.33822,0.0],[140.7114,-7.3373,0.0],[140.71887,-7.32859,0.0],[140.72221,-7.32217,0.0],[140.72736,-7.31782,0.0],[140.73405,-7.31526,0.0],[140.7475,-7.31692,0.0],[140.7568,-7.32682,0.0],[140.77005,-7.33518,0.0],[140.7834,-7.3411,0.0],[140.80027,-7.34618,0.0],[140.811,-7.34757,0.0],[140.84306,-7.34689,0.0],[141.01966,-7.35176,0.0],[141.02005,-6.89234,0.0],[141.00094,-6.89028,0.0],[140.99772,-6.89418,0.0],[140.99727,-6.90112,0.0],[140.99006,-6.90361,0.0],[140.97981,-6.9005,0.0],[140.97333,-6.89003,0.0],[140.96852,-6.88976,0.0],[140.9593,-6.89604,0.0],[140.95687,-6.90912,0.0],[140.95395,-6.91028,0.0],[140.95111,-6.90181,0.0],[140.94214,-6.89543,0.0],[140.94004,-6.89133,0.0],[140.94114,-6.88677,0.0],[140.94866,-6.87835,0.0],[140.95362,-6.86858,0.0],[140.95507,-6.86211,0.0],[140.95303,-6.8568,0.0],[140.9489,-6.85665,0.0],[140.94484,-6.86824,0.0],[140.94046,-6.87216,0.0],[140.93556,-6.87251,0.0],[140.92446,-6.86949,0.0],[140.91613,-6.87206,0.0],[140.91166,-6.86174,0.0],[140.898,-6.8461,0.0],[140.89692,-6.84139,0.0],[140.90609,-6.84031,0.0],[140.91249,-6.83072,0.0],[140.91822,-6.8264,0.0],[140.91889,-6.82131,0.0],[140.91716,-6.81562,0.0],[140.91175,-6.80827,0.0],[140.90686,-6.80565,0.0],[140.90205,-6.80603,0.0],[140.89016,-6.81231,0.0],[140.88754,-6.8122,0.0],[140.88605,-6.81045,0.0],[140.88653,-6.80509,0.0],[140.88498,-6.8015,0.0],[140.87282,-6.79631,0.0],[140.87041,-6.79311,0.0],[140.87841,-6.78434,0.0],[140.87812,-6.77346,0.0],[140.87947,-6.76946,0.0],[140.89291,-6.76618,0.0],[140.89736,-6.76111,0.0],[140.90049,-6.75321,0.0],[140.89179,-6.75087,0.0],[140.88799,-6.74062,0.0],[140.88225,-6.73494,0.0],[140.85576,-6.72634,0.0],[140.84623,-6.71998,0.0],[140.85291,-6.70977,0.0],[140.85381,-6.7039,0.0],[140.85227,-6.69505,0.0],[140.84596,-6.68177,0.0],[140.86303,-6.68364,0.0],[140.86741,-6.68142,0.0],[140.87071,-6.67665,0.0],[140.86987,-6.67332,0.0],[140.86286,-6.66746,0.0],[140.86041,-6.66277,0.0],[140.87221,-6.65508,0.0],[140.87358,-6.65176,0.0],[140.85889,-6.64808,0.0],[140.85628,-6.64599,0.0],[140.85588,-6.6434,0.0],[140.86036,-6.63846,0.0],[140.87149,-6.63307,0.0],[140.87685,-6.62508,0.0],[140.87594,-6.62097,0.0],[140.87188,-6.61789,0.0],[140.8546,-6.61816,0.0]]]},"properties":{"NAMOBJ":"Ulilin","WADMKC":"Ulilin","WADMKK":"Merauke","WADMPR":"Papua Selatan"}},{"type":"Feature","geometry":{"type":"Polygon","coordinates":[[[140.80027,-7.34618,0.0],[140.77005,-7.33518,0.0],[140.7568,-7.32682,0.0],[140.7475,-7.31692,0.0],[140.73405,-7.31526,0.0],[140.72736,-7.31782,0.0],[140.72221,-7.32217,0.0],[140.71887,-7.32859,0.0],[140.7114,-7.3373,0.0],[140.69818,-7.33822,0.0],[140.69702,-7.33962,0.0],[140.69927,-7.38841,0.0],[140.69656,-7.39526,0.0],[140.69592,-7.4154,0.0],[140.69342,-7.4208,0.0],[140.68967,-7.42412,0.0],[140.65351,-7.43141,0.0],[140.64528,-7.4267,0.0],[140.63576,-7.42837,0.0],[140.62422,-7.42694,0.0],[140.61769,-7.42093,0.0],[140.61405,-7.42276,0.0],[140.61374,-7.42499,0.0],[140.61337,-7.42351,0.0],[140.6102,-7.4242,0.0],[140.60911,-7.42652,0.0],[140.61132,-7.42607,0.0],[140.61091,-7.42743,0.0],[140.60728,-7.42578,0.0],[140.60517,-7.42803,0.0],[140.60604,-7.42566,0.0],[140.60345,-7.42503,0.0],[140.60034,-7.42553,0.0],[140.5983,-7.42791,0.0],[140.59243,-7.42835,0.0],[140.59328,-7.42996,0.0],[140.59135,-7.42927,0.0],[140.59001,-7.43306,0.0],[140.58781,-7.43108,0.0],[140.58466,-7.43512,0.0],[140.58417,-7.43331,0.0],[140.58004,-7.43543,0.0],[140.57997,-7.43697,0.0],[140.57833,-7.43653,0.0],[140.57525,-7.44188,0.0],[140.57448,-7.43937,0.0],[140.57571,-7.4376,0.0],[140.57353,-7.43779,0.0],[140.57284,-7.4422,0.0],[140.57094,-7.43903,0.0],[140.5662,-7.44582,0.0],[140.55998,-7.44551,0.0],[140.56016,-7.44754,0.0],[140.55716,-7.44832,0.0],[140.55981,-7.45672,0.0],[140.55599,-7.45718,0.0],[140.55778,-7.46113,0.0],[140.55579,-7.46074,0.0],[140.56222,-7.46377,0.0],[140.56123,-7.46527,0.0],[140.56438,-7.46765,0.0],[140.56415,-7.47013,0.0],[140.56249,-7.46936,0.0],[140.56191,-7.47077,0.0],[140.56314,-7.4769,0.0],[140.56212,-7.4801,0.0],[140.56451,-7.47961,0.0],[140.56487,-7.48106,0.0],[140.56181,-7.48568,0.0],[140.56383,-7.48914,0.0],[140.56582,-7.48789,0.0],[140.5653,-7.49236,0.0],[140.56746,-7.49185,0.0],[140.56762,-7.49594,0.0],[140.56996,-7.49578,0.0],[140.57091,-7.49756,0.0],[140.56768,-7.49884,0.0],[140.57356,-7.49964,0.0],[140.57423,-7.49806,0.0],[140.57539,-7.50275,0.0],[140.57682,-7.50244,0.0],[140.57587,-7.50413,0.0],[140.57713,-7.50549,0.0],[140.57368,-7.50756,0.0],[140.57714,-7.50818,0.0],[140.57755,-7.51105,0.0],[140.57555,-7.51187,0.0],[140.57764,-7.51209,0.0],[140.57772,-7.51414,0.0],[140.57452,-7.51477,0.0],[140.57707,-7.51648,0.0],[140.57487,-7.51786,0.0],[140.57285,-7.51519,0.0],[140.57179,-7.51759,0.0],[140.56838,-7.51563,0.0],[140.56666,-7.51911,0.0],[140.56432,-7.5176,0.0],[140.56234,-7.52276,0.0],[140.5596,-7.52161,0.0],[140.56046,-7.52566,0.0],[140.55476,-7.52618,0.0],[140.55147,-7.53172,0.0],[140.55287,-7.53667,0.0],[140.55005,-7.53763,0.0],[140.55486,-7.54212,0.0],[140.5533,-7.54566,0.0],[140.55417,-7.54921,0.0],[140.55137,-7.55121,0.0],[140.55268,-7.55331,0.0],[140.55031,-7.55329,0.0],[140.55227,-7.55708,0.0],[140.55051,-7.55819,0.0],[140.55149,-7.56015,0.0],[140.549,-7.56033,0.0],[140.55029,-7.56382,0.0],[140.54551,-7.56173,0.0],[140.54646,-7.56771,0.0],[140.54151,-7.56748,0.0],[140.53739,-7.57023,0.0],[140.53864,-7.5735,0.0],[140.53273,-7.57098,0.0],[140.53391,-7.57393,0.0],[140.53149,-7.57463,0.0],[140.52912,-7.57069,0.0],[140.52935,-7.57498,0.0],[140.52625,-7.57198,0.0],[140.52311,-7.57246,0.0],[140.52363,-7.57882,0.0],[140.52112,-7.5787,0.0],[140.51901,-7.58207,0.0],[140.52211,-7.58565,0.0],[140.51854,-7.58597,0.0],[140.51642,-7.5885,0.0],[140.51856,-7.5906,0.0],[140.5172,-7.59426,0.0],[140.51219,-7.59824,0.0],[140.51395,-7.59879,0.0],[140.51387,-7.60039,0.0],[140.51118,-7.60071,0.0],[140.51078,-7.59823,0.0],[140.5095,-7.59864,0.0],[140.50868,-7.60125,0.0],[140.51214,-7.60212,0.0],[140.50963,-7.60425,0.0],[140.5107,-7.60737,0.0],[140.50821,-7.60821,0.0],[140.50733,-7.607,0.0],[140.50337,-7.61142,0.0],[140.50192,-7.6186,0.0],[140.49655,-7.61872,0.0],[140.49648,-7.6244,0.0],[140.49951,-7.62801,0.0],[140.49501,-7.63292,0.0],[140.49833,-7.63536,0.0],[140.49906,-7.63366,0.0],[140.50836,-7.63672,0.0],[140.5103,-7.64557,0.0],[140.51267,-7.64404,0.0],[140.51645,-7.64518,0.0],[140.51523,-7.65481,0.0],[140.51994,-7.65725,0.0],[140.52232,-7.66055,0.0],[140.52142,-7.66202,0.0],[140.51888,-7.6619,0.0],[140.51867,-7.66623,0.0],[140.51607,-7.67087,0.0],[140.52317,-7.67568,0.0],[140.52323,-7.68036,0.0],[140.52574,-7.67879,0.0],[140.52971,-7.68195,0.0],[140.5263,-7.6853,0.0],[140.52669,-7.68861,0.0],[140.52468,-7.68982,0.0],[140.52543,-7.69508,0.0],[140.52975,-7.69696,0.0],[140.5272,-7.70797,0.0],[140.52994,-7.71605,0.0],[140.53483,-7.71434,0.0],[140.53598,-7.71558,0.0],[140.53529,-7.71915,0.0],[140.53853,-7.7203,0.0],[140.54104,-7.71869,0.0],[140.54549,-7.72475,0.0],[140.54445,-7.72985,0.0],[140.5421,-7.73168,0.0],[140.54392,-7.73397,0.0],[140.54185,-7.73683,0.0],[140.53882,-7.7362,0.0],[140.53887,-7.74124,0.0],[140.54529,-7.7439,0.0],[140.54582,-7.74572,0.0],[140.54355,-7.74657,0.0],[140.55147,-7.75255,0.0],[140.55899,-7.74837,0.0],[140.56765,-7.74799,0.0],[140.57003,-7.75398,0.0],[140.57603,-7.75132,0.0],[140.59116,-7.75446,0.0],[140.59373,-7.75341,0.0],[140.59687,-7.74846,0.0],[140.6101,-7.74423,0.0],[140.61224,-7.74749,0.0],[140.61483,-7.74795,0.0],[140.6158,-7.74532,0.0],[140.62113,-7.74119,0.0],[140.63229,-7.74093,0.0],[140.64331,-7.73443,0.0],[140.64673,-7.73446,0.0],[140.65144,-7.73794,0.0],[140.66417,-7.73602,0.0],[140.66718,-7.73258,0.0],[140.67472,-7.73062,0.0],[140.67846,-7.73461,0.0],[140.68547,-7.73395,0.0],[140.70091,-7.74375,0.0],[140.70996,-7.74251,0.0],[140.71719,-7.74511,0.0],[140.72722,-7.74005,0.0],[140.7327,-7.74175,0.0],[140.73335,-7.74806,0.0],[141.01933,-7.75264,0.0],[141.01966,-7.35176,0.0],[140.84306,-7.34689,0.0],[140.811,-7.34757,0.0],[140.80027,-7.34618,0.0]]]},"properties":{"NAMOBJ":"Elikobal","WADMKC":"Elikobal","WADMKK":"Merauke","WADMPR":"Papua Selatan"}},{"type":"Feature","geometry":{"type":"Polygon","coordinates":[[[140.39022,-8.02776,0.0],[140.38642,-8.01929,0.0],[140.38412,-8.01922,0.0],[140.38111,-8.02087,0.0],[140.37938,-8.02624,0.0],[140.36662,-8.03169,0.0],[140.36484,-8.03514,0.0],[140.3563,-8.0395,0.0],[140.34949,-8.04094,0.0],[140.34685,-8.04303,0.0],[140.33816,-8.04373,0.0],[140.33331,-8.05029,0.0],[140.32168,-8.05005,0.0],[140.31427,-8.05411,0.0],[140.30485,-8.04848,0.0],[140.29182,-8.04571,0.0],[140.29089,-8.04757,0.0],[140.29706,-8.05038,0.0],[140.29648,-8.05158,0.0],[140.29967,-8.05237,0.0],[140.29984,-8.05432,0.0],[140.29695,-8.05486,0.0],[140.29597,-8.05739,0.0],[140.29409,-8.05537,0.0],[140.29061,-8.05621,0.0],[140.29139,-8.0586,0.0],[140.28968,-8.06206,0.0],[140.28721,-8.06228,0.0],[140.28339,-8.06885,0.0],[140.28087,-8.06928,0.0],[140.27867,-8.06757,0.0],[140.27634,-8.07063,0.0],[140.26855,-8.06871,0.0],[140.27092,-8.0714,0.0],[140.26678,-8.06931,0.0],[140.26519,-8.0711,0.0],[140.26226,-8.07023,0.0],[140.25866,-8.07309,0.0],[140.25904,-8.07704,0.0],[140.25551,-8.07886,0.0],[140.25266,-8.0771,0.0],[140.25701,-8.0719,0.0],[140.2561,-8.07038,0.0],[140.25004,-8.07121,0.0],[140.24466,-8.06914,0.0],[140.24435,-8.07266,0.0],[140.24218,-8.07473,0.0],[140.23674,-8.06428,0.0],[140.23298,-8.06515,0.0],[140.22938,-8.06144,0.0],[140.22982,-8.05892,0.0],[140.2278,-8.05957,0.0],[140.22575,-8.05673,0.0],[140.22301,-8.05975,0.0],[140.22467,-8.06341,0.0],[140.22365,-8.06463,0.0],[140.22093,-8.06239,0.0],[140.22062,-8.05897,0.0],[140.21913,-8.06114,0.0],[140.21265,-8.06309,0.0],[140.20252,-8.05964,0.0],[140.1945,-8.06523,0.0],[140.18548,-8.06482,0.0],[140.18295,-8.0689,0.0],[140.17993,-8.06991,0.0],[140.17429,-8.06821,0.0],[140.17169,-8.06929,0.0],[140.16727,-8.06383,0.0],[140.15878,-8.06155,0.0],[140.15333,-8.06401,0.0],[140.14929,-8.06139,0.0],[140.14925,-8.06537,0.0],[140.14387,-8.06749,0.0],[140.13726,-8.06415,0.0],[140.13474,-8.06547,0.0],[140.1218,-8.06548,0.0],[140.11136,-8.06129,0.0],[140.10674,-8.06115,0.0],[140.10562,-8.0586,0.0],[140.1006,-8.05729,0.0],[140.09687,-8.05965,0.0],[140.08289,-8.06026,0.0],[140.09032,-8.06768,0.0],[140.0976,-8.08042,0.0],[140.13118,-8.125,0.0],[140.1412,-8.13285,0.0],[140.1453,-8.13801,0.0],[140.15528,-8.15359,0.0],[140.15857,-8.16414,0.0],[140.18993,-8.20734,0.0],[140.19035,-8.21272,0.0],[140.20019,-8.23363,0.0],[140.21285,-8.22689,0.0],[140.21475,-8.23165,0.0],[140.21878,-8.22953,0.0],[140.22197,-8.23539,0.0],[140.2311,-8.23053,0.0],[140.25154,-8.27147,0.0],[140.24387,-8.27542,0.0],[140.24548,-8.28083,0.0],[140.2509,-8.28886,0.0],[140.25004,-8.2917,0.0],[140.26978,-8.32,0.0],[140.27183,-8.31993,0.0],[140.28077,-8.33225,0.0],[140.28459,-8.332,0.0],[140.28681,-8.32982,0.0],[140.29073,-8.33363,0.0],[140.29444,-8.33304,0.0],[140.29612,-8.3277,0.0],[140.29409,-8.32573,0.0],[140.289,-8.32549,0.0],[140.28938,-8.32083,0.0],[140.29841,-8.31524,0.0],[140.30298,-8.31922,0.0],[140.30531,-8.31886,0.0],[140.30599,-8.31518,0.0],[140.30302,-8.30797,0.0],[140.31473,-8.30595,0.0],[140.3221,-8.29366,0.0],[140.32458,-8.29271,0.0],[140.33025,-8.2985,0.0],[140.32965,-8.31055,0.0],[140.33106,-8.31792,0.0],[140.33775,-8.31925,0.0],[140.34291,-8.31526,0.0],[140.35529,-8.32471,0.0],[140.35311,-8.33417,0.0],[140.34925,-8.33815,0.0],[140.35163,-8.34001,0.0],[140.36542,-8.32418,0.0],[140.374,-8.32465,0.0],[140.3736,-8.3182,0.0],[140.38503,-8.30229,0.0],[140.39121,-8.29673,0.0],[140.3883,-8.28932,0.0],[140.38803,-8.28282,0.0],[140.38128,-8.27671,0.0],[140.38107,-8.2735,0.0],[140.38512,-8.2735,0.0],[140.38921,-8.27855,0.0],[140.40027,-8.27594,0.0],[140.41024,-8.28107,0.0],[140.41971,-8.28197,0.0],[140.41111,-8.26996,0.0],[140.41405,-8.25814,0.0],[140.42267,-8.25575,0.0],[140.42317,-8.2543,0.0],[140.41894,-8.24846,0.0],[140.41108,-8.24188,0.0],[140.4087,-8.23332,0.0],[140.40122,-8.22566,0.0],[140.39618,-8.22478,0.0],[140.39558,-8.22087,0.0],[140.39708,-8.21947,0.0],[140.40108,-8.2203,0.0],[140.40974,-8.21467,0.0],[140.41842,-8.2119,0.0],[140.42263,-8.20766,0.0],[140.43004,-8.20945,0.0],[140.43206,-8.2126,0.0],[140.43033,-8.21549,0.0],[140.43063,-8.21866,0.0],[140.43423,-8.21945,0.0],[140.43637,-8.20809,0.0],[140.43134,-8.19685,0.0],[140.43618,-8.19443,0.0],[140.44187,-8.18587,0.0],[140.4469,-8.18365,0.0],[140.45195,-8.1841,0.0],[140.45403,-8.18161,0.0],[140.44398,-8.18008,0.0],[140.43785,-8.17517,0.0],[140.4277,-8.1729,0.0],[140.42229,-8.16746,0.0],[140.41653,-8.16677,0.0],[140.4173,-8.16187,0.0],[140.41519,-8.16131,0.0],[140.41791,-8.15911,0.0],[140.41884,-8.15596,0.0],[140.41507,-8.15074,0.0],[140.42642,-8.14926,0.0],[140.43107,-8.15281,0.0],[140.43583,-8.15022,0.0],[140.4365,-8.14787,0.0],[140.43462,-8.14389,0.0],[140.43824,-8.14025,0.0],[140.43469,-8.13772,0.0],[140.43385,-8.13466,0.0],[140.43713,-8.12975,0.0],[140.42633,-8.12277,0.0],[140.42586,-8.11997,0.0],[140.42847,-8.11675,0.0],[140.42683,-8.11335,0.0],[140.42917,-8.11002,0.0],[140.42556,-8.10583,0.0],[140.42953,-8.10174,0.0],[140.41655,-8.08764,0.0],[140.41636,-8.08333,0.0],[140.39022,-8.02776,0.0]]]},"properties":{"NAMOBJ":"Kurik","WADMKC":"Kurik","WADMKK":"Merauke","WADMPR":"Papua Selatan"}},{"type":"Feature","geometry":{"type":"Polygon","coordinates":[[[140.66483,-8.55489,0.0],[140.66298,-8.5563,0.0],[140.6578,-8.55622,0.0],[140.65606,-8.55799,0.0],[140.64554,-8.57716,0.0],[140.64539,-8.59144,0.0],[140.63935,-8.6001,0.0],[140.63401,-8.61169,0.0],[140.62117,-8.62177,0.0],[140.6165,-8.62407,0.0],[140.60361,-8.62554,0.0],[140.59456,-8.62851,0.0],[140.58628,-8.61416,0.0],[140.57941,-8.61014,0.0],[140.57481,-8.60986,0.0],[140.56587,-8.61579,0.0],[140.55843,-8.62655,0.0],[140.53736,-8.63795,0.0],[140.52738,-8.64594,0.0],[140.52572,-8.65046,0.0],[140.51882,-8.6535,0.0],[140.51786,-8.65493,0.0],[140.51906,-8.6607,0.0],[140.53094,-8.68955,0.0],[140.57446,-8.7458,0.0],[140.58664,-8.76422,0.0],[140.60055,-8.79356,0.0],[140.62336,-8.82271,0.0],[140.63704,-8.83063,0.0],[140.64325,-8.83803,0.0],[140.65586,-8.8487,0.0],[140.6559,-8.85024,0.0],[140.67183,-8.86174,0.0],[140.67622,-8.86861,0.0],[140.7017,-8.89141,0.0],[140.71974,-8.90488,0.0],[140.7238,-8.90652,0.0],[140.72703,-8.90576,0.0],[140.74277,-8.92216,0.0],[140.74834,-8.92668,0.0],[140.75085,-8.92677,0.0],[140.76608,-8.94266,0.0],[140.76755,-8.94709,0.0],[140.77244,-8.95001,0.0],[140.77842,-8.95654,0.0],[140.7942,-8.97884,0.0],[140.7938,-8.98107,0.0],[140.79699,-8.98296,0.0],[140.79643,-8.98438,0.0],[140.80419,-8.99736,0.0],[140.81766,-9.01401,0.0],[140.86794,-9.05246,0.0],[140.87271,-9.05743,0.0],[140.87464,-9.06202,0.0],[140.87747,-9.06249,0.0],[140.87814,-9.06635,0.0],[140.89749,-9.08927,0.0],[140.90786,-9.09435,0.0],[140.91016,-9.09448,0.0],[140.91153,-9.09237,0.0],[140.93735,-9.09422,0.0],[140.96479,-9.10434,0.0],[140.98138,-9.10838,0.0],[140.98366,-9.10767,0.0],[140.98573,-9.10992,0.0],[140.98802,-9.10912,0.0],[140.98827,-9.11037,0.0],[140.99334,-9.11102,0.0],[140.99418,-9.11349,0.0],[140.99704,-9.11282,0.0],[140.99757,-9.11559,0.0],[140.99993,-9.1175,0.0],[141.01046,-9.12333,0.0],[141.01338,-9.12248,0.0],[141.01351,-9.12477,0.0],[141.01929,-9.12713,0.0],[141.01924,-8.69763,0.0],[140.859,-8.68882,0.0],[140.74403,-8.65976,0.0],[140.704,-8.62438,0.0],[140.69806,-8.58332,0.0],[140.66927,-8.56177,0.0],[140.66483,-8.55489,0.0]]]},"properties":{"NAMOBJ":"Naukenjerai","WADMKC":"Naukenjerai","WADMKK":"Merauke","WADMPR":"Papua Selatan"}},{"type":"Feature","geometry":{"type":"Polygon","coordinates":[[[140.48825,-7.66706,0.0],[140.48692,-7.66602,0.0],[140.4813,-7.66835,0.0],[140.47329,-7.677,0.0],[140.45642,-7.68156,0.0],[140.45511,-7.68043,0.0],[140.45337,-7.68209,0.0],[140.4539,-7.68386,0.0],[140.45213,-7.68325,0.0],[140.44648,-7.68634,0.0],[140.44071,-7.68309,0.0],[140.43676,-7.68318,0.0],[140.43611,-7.68686,0.0],[140.42737,-7.68573,0.0],[140.42738,-7.69394,0.0],[140.4193,-7.70013,0.0],[140.41665,-7.69658,0.0],[140.41553,-7.69117,0.0],[140.41188,-7.68782,0.0],[140.39707,-7.68933,0.0],[140.39006,-7.69218,0.0],[140.38491,-7.68958,0.0],[140.38381,-7.6938,0.0],[140.38616,-7.69814,0.0],[140.38128,-7.7008,0.0],[140.38687,-7.70869,0.0],[140.38548,-7.71331,0.0],[140.37486,-7.71323,0.0],[140.36318,-7.7097,0.0],[140.35324,-7.71043,0.0],[140.34513,-7.70843,0.0],[140.34022,-7.70942,0.0],[140.33611,-7.71177,0.0],[140.33415,-7.71659,0.0],[140.32883,-7.7189,0.0],[140.32716,-7.72156,0.0],[140.31768,-7.72789,0.0],[140.28473,-7.74345,0.0],[140.27804,-7.74379,0.0],[140.27052,-7.74021,0.0],[140.26319,-7.73446,0.0],[140.26318,-7.73088,0.0],[140.25998,-7.73092,0.0],[140.25974,-7.72803,0.0],[140.25169,-7.73302,0.0],[140.25006,-7.73739,0.0],[140.24224,-7.74039,0.0],[140.24011,-7.73962,0.0],[140.23547,-7.73078,0.0],[140.23328,-7.73185,0.0],[140.22518,-7.74196,0.0],[140.22159,-7.74292,0.0],[140.22389,-7.75649,0.0],[140.2065,-7.76254,0.0],[140.21171,-7.77484,0.0],[140.21215,-7.79013,0.0],[140.20693,-7.80749,0.0],[140.21212,-7.81631,0.0],[140.21222,-7.81905,0.0],[140.20142,-7.82421,0.0],[140.19513,-7.82523,0.0],[140.18644,-7.81596,0.0],[140.1826,-7.81544,0.0],[140.17506,-7.83354,0.0],[140.17719,-7.83819,0.0],[140.20406,-7.85424,0.0],[140.21434,-7.86398,0.0],[140.21368,-7.8687,0.0],[140.19438,-7.8846,0.0],[140.18913,-7.88665,0.0],[140.18301,-7.88513,0.0],[140.17506,-7.87555,0.0],[140.17065,-7.87394,0.0],[140.16596,-7.87529,0.0],[140.15659,-7.88178,0.0],[140.13944,-7.88037,0.0],[140.13707,-7.88465,0.0],[140.14006,-7.90407,0.0],[140.13922,-7.9179,0.0],[140.13586,-7.92458,0.0],[140.12987,-7.92816,0.0],[140.12145,-7.92625,0.0],[140.10906,-7.9141,0.0],[140.10284,-7.91014,0.0],[140.07834,-7.90302,0.0],[140.07232,-7.90379,0.0],[140.06798,-7.90739,0.0],[140.0642,-7.91982,0.0],[140.06219,-7.93361,0.0],[140.06353,-7.95192,0.0],[140.06235,-7.96276,0.0],[140.05293,-7.99194,0.0],[140.04977,-8.02039,0.0],[140.05156,-8.02857,0.0],[140.06356,-8.04609,0.0],[140.06766,-8.05723,0.0],[140.07992,-8.0577,0.0],[140.0849,-8.0608,0.0],[140.09277,-8.05892,0.0],[140.09723,-8.05957,0.0],[140.1006,-8.05729,0.0],[140.10562,-8.0586,0.0],[140.10674,-8.06115,0.0],[140.11136,-8.06129,0.0],[140.1218,-8.06548,0.0],[140.13474,-8.06547,0.0],[140.13726,-8.06415,0.0],[140.14387,-8.06749,0.0],[140.14925,-8.06537,0.0],[140.14929,-8.06139,0.0],[140.15333,-8.06401,0.0],[140.15974,-8.06165,0.0],[140.16727,-8.06383,0.0],[140.17169,-8.06929,0.0],[140.17429,-8.06821,0.0],[140.17993,-8.06991,0.0],[140.18295,-8.0689,0.0],[140.18548,-8.06482,0.0],[140.1945,-8.06523,0.0],[140.20252,-8.05964,0.0],[140.21265,-8.06309,0.0],[140.21913,-8.06114,0.0],[140.22062,-8.05897,0.0],[140.22093,-8.06239,0.0],[140.22365,-8.06463,0.0],[140.22467,-8.06341,0.0],[140.22301,-8.05975,0.0],[140.22575,-8.05673,0.0],[140.2278,-8.05957,0.0],[140.22982,-8.05892,0.0],[140.22938,-8.06144,0.0],[140.23298,-8.06515,0.0],[140.23674,-8.06428,0.0],[140.24218,-8.07473,0.0],[140.24435,-8.07266,0.0],[140.24466,-8.06914,0.0],[140.25004,-8.07121,0.0],[140.2561,-8.07038,0.0],[140.25701,-8.0719,0.0],[140.25266,-8.0771,0.0],[140.25551,-8.07886,0.0],[140.25904,-8.07704,0.0],[140.25866,-8.07309,0.0],[140.26226,-8.07023,0.0],[140.26519,-8.0711,0.0],[140.26678,-8.06931,0.0],[140.27092,-8.0714,0.0],[140.26855,-8.06871,0.0],[140.27634,-8.07063,0.0],[140.27867,-8.06757,0.0],[140.28087,-8.06928,0.0],[140.28339,-8.06885,0.0],[140.28721,-8.06228,0.0],[140.28968,-8.06206,0.0],[140.29139,-8.0586,0.0],[140.29061,-8.05621,0.0],[140.29409,-8.05537,0.0],[140.29597,-8.05739,0.0],[140.29695,-8.05486,0.0],[140.29984,-8.05432,0.0],[140.29967,-8.05237,0.0],[140.29648,-8.05158,0.0],[140.29706,-8.05038,0.0],[140.29089,-8.04757,0.0],[140.29182,-8.04571,0.0],[140.30485,-8.04848,0.0],[140.31325,-8.0542,0.0],[140.32168,-8.05005,0.0],[140.33282,-8.05045,0.0],[140.33546,-8.04906,0.0],[140.33816,-8.04373,0.0],[140.35333,-8.04075,0.0],[140.36452,-8.03536,0.0],[140.36662,-8.03169,0.0],[140.37647,-8.0283,0.0],[140.38051,-8.02491,0.0],[140.38111,-8.02087,0.0],[140.38561,-8.01896,0.0],[140.40467,-8.0571,0.0],[140.41636,-8.08333,0.0],[140.41655,-8.08764,0.0],[140.42953,-8.10174,0.0],[140.42556,-8.10583,0.0],[140.42917,-8.11002,0.0],[140.42683,-8.11335,0.0],[140.42848,-8.1165,0.0],[140.42586,-8.11997,0.0],[140.42651,-8.12313,0.0],[140.43683,-8.12905,0.0],[140.43633,-8.13166,0.0],[140.43906,-8.13202,0.0],[140.43993,-8.13657,0.0],[140.44332,-8.14015,0.0],[140.44126,-8.14337,0.0],[140.44192,-8.1448,0.0],[140.44676,-8.14741,0.0],[140.44836,-8.14228,0.0],[140.45164,-8.14333,0.0],[140.45336,-8.14607,0.0],[140.45443,-8.15464,0.0],[140.46073,-8.15638,0.0],[140.46196,-8.16226,0.0],[140.46422,-8.16335,0.0],[140.46888,-8.16015,0.0],[140.47513,-8.16111,0.0],[140.47882,-8.15852,0.0],[140.46892,-8.14613,0.0],[140.47168,-8.13594,0.0],[140.47047,-8.13073,0.0],[140.46748,-8.12684,0.0],[140.47848,-8.1236,0.0],[140.48198,-8.1244,0.0],[140.48494,-8.12828,0.0],[140.48746,-8.12747,0.0],[140.49037,-8.11763,0.0],[140.48757,-8.11284,0.0],[140.49235,-8.10785,0.0],[140.49245,-8.10442,0.0],[140.499,-8.105,0.0],[140.49863,-8.10669,0.0],[140.50203,-8.10982,0.0],[140.50593,-8.11002,0.0],[140.50486,-8.11415,0.0],[140.50693,-8.11232,0.0],[140.50669,-8.11492,0.0],[140.50996,-8.11379,0.0],[140.51246,-8.11725,0.0],[140.51358,-8.11526,0.0],[140.51828,-8.11445,0.0],[140.52176,-8.10857,0.0],[140.52987,-8.10814,0.0],[140.52946,-8.10457,0.0],[140.53188,-8.10432,0.0],[140.53671,-8.10759,0.0],[140.53523,-8.11065,0.0],[140.53697,-8.11253,0.0],[140.54184,-8.1067,0.0],[140.54357,-8.10847,0.0],[140.54459,-8.10773,0.0],[140.54411,-8.09989,0.0],[140.5455,-8.09552,0.0],[140.54908,-8.09339,0.0],[140.54648,-8.08968,0.0],[140.55282,-8.09101,0.0],[140.55773,-8.08786,0.0],[140.55925,-8.08451,0.0],[140.56487,-8.08441,0.0],[140.56688,-8.08649,0.0],[140.57135,-8.0839,0.0],[140.57179,-8.07797,0.0],[140.56968,-8.076,0.0],[140.57193,-8.07391,0.0],[140.56993,-8.07265,0.0],[140.56947,-8.06864,0.0],[140.56622,-8.0697,0.0],[140.56183,-8.06643,0.0],[140.56334,-8.0645,0.0],[140.56144,-8.06334,0.0],[140.56327,-8.06234,0.0],[140.56119,-8.05941,0.0],[140.5681,-8.05815,0.0],[140.5696,-8.05917,0.0],[140.57259,-8.05641,0.0],[140.57411,-8.05688,0.0],[140.57344,-8.05221,0.0],[140.5776,-8.04676,0.0],[140.58593,-8.04276,0.0],[140.58744,-8.04414,0.0],[140.58822,-8.04144,0.0],[140.59032,-8.04114,0.0],[140.58585,-8.03665,0.0],[140.58153,-8.03664,0.0],[140.57739,-8.02724,0.0],[140.5831,-8.02613,0.0],[140.58882,-8.01652,0.0],[140.5932,-8.0002,0.0],[140.59745,-7.99135,0.0],[140.59888,-7.97349,0.0],[140.59842,-7.92333,0.0],[140.59316,-7.91629,0.0],[140.58548,-7.91245,0.0],[140.58347,-7.90617,0.0],[140.57396,-7.89993,0.0],[140.57219,-7.8943,0.0],[140.56594,-7.89444,0.0],[140.56683,-7.89277,0.0],[140.56438,-7.89132,0.0],[140.56468,-7.88912,0.0],[140.56041,-7.88899,0.0],[140.55991,-7.88687,0.0],[140.55265,-7.88782,0.0],[140.55269,-7.88201,0.0],[140.5478,-7.87921,0.0],[140.54009,-7.86809,0.0],[140.53499,-7.86688,0.0],[140.53289,-7.86441,0.0],[140.53304,-7.85918,0.0],[140.53646,-7.85281,0.0],[140.53239,-7.84771,0.0],[140.53158,-7.84402,0.0],[140.52413,-7.84082,0.0],[140.52328,-7.83733,0.0],[140.5328,-7.83811,0.0],[140.53894,-7.84109,0.0],[140.53986,-7.84011,0.0],[140.53926,-7.83159,0.0],[140.53417,-7.82108,0.0],[140.52838,-7.81887,0.0],[140.53361,-7.81172,0.0],[140.53744,-7.81262,0.0],[140.53859,-7.8113,0.0],[140.53335,-7.80107,0.0],[140.53627,-7.79255,0.0],[140.52939,-7.78239,0.0],[140.53398,-7.77675,0.0],[140.53303,-7.77304,0.0],[140.53431,-7.77063,0.0],[140.54125,-7.76902,0.0],[140.54511,-7.76582,0.0],[140.54098,-7.76341,0.0],[140.54252,-7.76167,0.0],[140.54167,-7.7576,0.0],[140.5377,-7.75516,0.0],[140.54037,-7.7546,0.0],[140.54265,-7.74705,0.0],[140.54582,-7.74572,0.0],[140.5425,-7.74212,0.0],[140.53909,-7.74189,0.0],[140.53867,-7.73717,0.0],[140.54205,-7.73673,0.0],[140.54369,-7.73442,0.0],[140.5421,-7.73168,0.0],[140.5442,-7.73036,0.0],[140.54582,-7.72542,0.0],[140.54104,-7.71869,0.0],[140.53853,-7.7203,0.0],[140.53529,-7.71915,0.0],[140.53534,-7.71465,0.0],[140.53285,-7.71402,0.0],[140.53135,-7.71659,0.0],[140.52961,-7.71534,0.0],[140.52708,-7.70728,0.0],[140.52975,-7.69696,0.0],[140.52543,-7.69508,0.0],[140.52466,-7.69022,0.0],[140.52669,-7.68861,0.0],[140.5263,-7.6853,0.0],[140.52962,-7.68325,0.0],[140.52932,-7.68113,0.0],[140.52574,-7.67879,0.0],[140.5234,-7.68045,0.0],[140.52303,-7.67861,0.0],[140.5177,-7.68027,0.0],[140.51035,-7.67806,0.0],[140.50712,-7.67954,0.0],[140.50418,-7.6759,0.0],[140.49582,-7.67345,0.0],[140.48825,-7.66706,0.0]]]},"properties":{"NAMOBJ":"Animha","WADMKC":"Animha","WADMKK":"Merauke","WADMPR":"Papua Selatan"}},{"type":"Feature","geometry":{"type":"Polygon","coordinates":[[[140.09032,-8.06768,0.0],[140.08097,-8.05803,0.0],[140.06766,-8.05723,0.0],[140.06633,-8.06785,0.0],[140.05626,-8.0753,0.0],[140.04517,-8.07778,0.0],[140.02064,-8.07535,0.0],[140.01057,-8.07681,0.0],[139.99645,-8.08425,0.0],[139.98435,-8.09628,0.0],[139.97331,-8.10458,0.0],[139.94518,-8.11418,0.0],[139.95692,-8.12469,0.0],[139.95693,-8.13879,0.0],[139.9661,-8.16031,0.0],[139.97576,-8.17643,0.0],[139.99389,-8.19925,0.0],[140.05521,-8.25408,0.0],[140.1116,-8.29329,0.0],[140.12823,-8.30321,0.0],[140.15813,-8.32808,0.0],[140.17127,-8.33679,0.0],[140.19422,-8.34779,0.0],[140.2275,-8.35578,0.0],[140.22906,-8.35833,0.0],[140.22777,-8.36864,0.0],[140.23103,-8.37562,0.0],[140.23628,-8.37236,0.0],[140.24752,-8.38288,0.0],[140.2505,-8.38357,0.0],[140.25121,-8.37924,0.0],[140.2455,-8.37227,0.0],[140.24803,-8.36286,0.0],[140.2457,-8.353,0.0],[140.2478,-8.35243,0.0],[140.25359,-8.35723,0.0],[140.26295,-8.36002,0.0],[140.26944,-8.36658,0.0],[140.27287,-8.36702,0.0],[140.27658,-8.36321,0.0],[140.27768,-8.35945,0.0],[140.26997,-8.35668,0.0],[140.27013,-8.35273,0.0],[140.28352,-8.34575,0.0],[140.28467,-8.34132,0.0],[140.28821,-8.33862,0.0],[140.28857,-8.33639,0.0],[140.28459,-8.332,0.0],[140.28077,-8.33225,0.0],[140.27183,-8.31993,0.0],[140.26978,-8.32,0.0],[140.25004,-8.2917,0.0],[140.2509,-8.28886,0.0],[140.24548,-8.28083,0.0],[140.24387,-8.27542,0.0],[140.25154,-8.27147,0.0],[140.2311,-8.23053,0.0],[140.22197,-8.23539,0.0],[140.21878,-8.22953,0.0],[140.21475,-8.23165,0.0],[140.21285,-8.22689,0.0],[140.20019,-8.23363,0.0],[140.19035,-8.21272,0.0],[140.18993,-8.20734,0.0],[140.15857,-8.16414,0.0],[140.15528,-8.15359,0.0],[140.1453,-8.13801,0.0],[140.1412,-8.13285,0.0],[140.13118,-8.125,0.0],[140.0976,-8.08042,0.0],[140.09032,-8.06768,0.0]]]},"properties":{"NAMOBJ":"Malind","WADMKC":"Malind","WADMKK":"Merauke","WADMPR":"Papua Selatan"}},{"type":"Feature","geometry":{"type":"Polygon","coordinates":[[[139.4024,-7.54178,0.0],[139.3931,-7.53989,0.0],[139.38731,-7.54351,0.0],[139.37843,-7.54347,0.0],[139.37588,-7.5476,0.0],[139.37905,-7.55004,0.0],[139.38019,-7.5562,0.0],[139.37188,-7.56028,0.0],[139.36196,-7.55804,0.0],[139.3599,-7.55262,0.0],[139.35372,-7.55068,0.0],[139.3515,-7.55474,0.0],[139.34501,-7.5572,0.0],[139.34106,-7.56274,0.0],[139.33667,-7.56261,0.0],[139.33711,-7.56763,0.0],[139.33988,-7.57193,0.0],[139.33963,-7.57704,0.0],[139.33777,-7.57667,0.0],[139.33338,-7.58028,0.0],[139.3273,-7.58052,0.0],[139.32087,-7.57687,0.0],[139.3196,-7.58176,0.0],[139.31535,-7.58393,0.0],[139.30772,-7.58268,0.0],[139.30642,-7.58342,0.0],[139.30744,-7.58439,0.0],[139.30342,-7.58421,0.0],[139.30252,-7.58557,0.0],[139.3016,-7.58241,0.0],[139.30013,-7.58203,0.0],[139.29961,-7.57499,0.0],[139.30278,-7.57109,0.0],[139.30393,-7.56214,0.0],[139.30267,-7.55976,0.0],[139.29952,-7.559,0.0],[139.29493,-7.56371,0.0],[139.28527,-7.56108,0.0],[139.28389,-7.56836,0.0],[139.28766,-7.57868,0.0],[139.28671,-7.57989,0.0],[139.28245,-7.57751,0.0],[139.27446,-7.56654,0.0],[139.27524,-7.56408,0.0],[139.28008,-7.56002,0.0],[139.27999,-7.55805,0.0],[139.26735,-7.56066,0.0],[139.26779,-7.56791,0.0],[139.2636,-7.57375,0.0],[139.25613,-7.5762,0.0],[139.25684,-7.58249,0.0],[139.25147,-7.58378,0.0],[139.24694,-7.59097,0.0],[139.24122,-7.58795,0.0],[139.23734,-7.5959,0.0],[139.2471,-7.60447,0.0],[139.25355,-7.61746,0.0],[139.25514,-7.61716,0.0],[139.25586,-7.61476,0.0],[139.25608,-7.60045,0.0],[139.26062,-7.60108,0.0],[139.26416,-7.60364,0.0],[139.26638,-7.60884,0.0],[139.26426,-7.62421,0.0],[139.26038,-7.62396,0.0],[139.25489,-7.61918,0.0],[139.25169,-7.61959,0.0],[139.24818,-7.62609,0.0],[139.24965,-7.63405,0.0],[139.24663,-7.63535,0.0],[139.24303,-7.63277,0.0],[139.241,-7.6276,0.0],[139.23828,-7.62681,0.0],[139.2339,-7.62822,0.0],[139.23097,-7.62659,0.0],[139.22976,-7.6245,0.0],[139.23056,-7.61986,0.0],[139.22857,-7.61687,0.0],[139.22342,-7.61572,0.0],[139.21778,-7.61732,0.0],[139.21715,-7.62027,0.0],[139.22132,-7.62633,0.0],[139.21762,-7.63038,0.0],[139.2178,-7.64619,0.0],[139.2093,-7.65309,0.0],[139.20749,-7.65847,0.0],[139.22148,-7.67925,0.0],[139.22173,-7.68411,0.0],[139.21877,-7.69474,0.0],[139.20931,-7.71125,0.0],[139.2078,-7.71897,0.0],[139.20297,-7.72636,0.0],[139.19424,-7.7292,0.0],[139.19513,-7.73099,0.0],[139.19138,-7.737,0.0],[139.19056,-7.74313,0.0],[139.16434,-7.76587,0.0],[139.15906,-7.77345,0.0],[139.16109,-7.79134,0.0],[139.14213,-7.82578,0.0],[139.13992,-7.84146,0.0],[139.13437,-7.84705,0.0],[139.12916,-7.8606,0.0],[139.13118,-7.86839,0.0],[139.14006,-7.87641,0.0],[139.13968,-7.88382,0.0],[139.14229,-7.88718,0.0],[139.1391,-7.89078,0.0],[139.13879,-7.896,0.0],[139.13092,-7.89915,0.0],[139.13019,-7.90641,0.0],[139.12784,-7.90725,0.0],[139.12217,-7.90471,0.0],[139.11968,-7.90635,0.0],[139.12016,-7.91274,0.0],[139.11759,-7.91978,0.0],[139.11004,-7.93154,0.0],[139.1106,-7.9351,0.0],[139.11449,-7.93776,0.0],[139.11458,-7.94216,0.0],[139.10475,-7.95102,0.0],[139.10232,-7.96176,0.0],[139.09845,-7.96991,0.0],[139.09732,-7.984,0.0],[139.09857,-7.99547,0.0],[139.09685,-8.0027,0.0],[139.10341,-8.01103,0.0],[139.09581,-8.03194,0.0],[139.10138,-8.0378,0.0],[139.10179,-8.04167,0.0],[139.09577,-8.04653,0.0],[139.09481,-8.05061,0.0],[139.09272,-8.05173,0.0],[139.09249,-8.0568,0.0],[139.0898,-8.05811,0.0],[139.09148,-8.06346,0.0],[139.0867,-8.06571,0.0],[139.08635,-8.06296,0.0],[139.08384,-8.06259,0.0],[139.08287,-8.06784,0.0],[139.0768,-8.06873,0.0],[139.07658,-8.07307,0.0],[139.07187,-8.07818,0.0],[139.07435,-8.08265,0.0],[139.06607,-8.08455,0.0],[139.07243,-8.08741,0.0],[139.075,-8.09593,0.0],[139.07201,-8.10203,0.0],[139.06565,-8.10263,0.0],[139.06504,-8.10431,0.0],[139.067,-8.10613,0.0],[139.07079,-8.1045,0.0],[139.07506,-8.10719,0.0],[139.07274,-8.10818,0.0],[139.0719,-8.11169,0.0],[139.06676,-8.11608,0.0],[139.06609,-8.11914,0.0],[139.06756,-8.12136,0.0],[139.05337,-8.1272,0.0],[139.04742,-8.1219,0.0],[139.04853,-8.11821,0.0],[139.0448,-8.11689,0.0],[139.04313,-8.11439,0.0],[139.03757,-8.11617,0.0],[139.03648,-8.11852,0.0],[139.03294,-8.11503,0.0],[139.03296,-8.11821,0.0],[139.02575,-8.11783,0.0],[139.0217,-8.1237,0.0],[139.01683,-8.12301,0.0],[139.01679,-8.1261,0.0],[139.01283,-8.12738,0.0],[139.01368,-8.13259,0.0],[139.00851,-8.13278,0.0],[139.00309,-8.1362,0.0],[138.99951,-8.136,0.0],[138.99981,-8.1285,0.0],[138.99171,-8.12068,0.0],[138.99052,-8.11766,0.0],[138.98512,-8.11891,0.0],[138.98591,-8.12176,0.0],[138.98391,-8.12168,0.0],[138.98453,-8.12425,0.0],[138.9816,-8.12464,0.0],[138.97999,-8.12888,0.0],[138.97579,-8.1274,0.0],[138.97201,-8.12894,0.0],[138.97084,-8.13056,0.0],[138.97204,-8.13795,0.0],[138.96963,-8.13775,0.0],[138.96737,-8.13442,0.0],[138.96415,-8.13679,0.0],[138.9671,-8.14153,0.0],[138.96152,-8.1446,0.0],[138.96061,-8.15823,0.0],[138.95669,-8.15915,0.0],[138.95494,-8.16562,0.0],[138.9553,-8.17531,0.0],[138.9478,-8.18324,0.0],[138.954,-8.19527,0.0],[138.96452,-8.2028,0.0],[138.97011,-8.20485,0.0],[138.98272,-8.20301,0.0],[138.98731,-8.20446,0.0],[138.99005,-8.203,0.0],[139.00215,-8.19208,0.0],[139.00187,-8.19047,0.0],[139.01662,-8.18228,0.0],[139.02751,-8.1785,0.0],[139.02954,-8.17507,0.0],[139.03318,-8.17375,0.0],[139.03309,-8.17211,0.0],[139.04047,-8.17029,0.0],[139.04529,-8.16584,0.0],[139.05874,-8.15898,0.0],[139.06089,-8.1558,0.0],[139.06792,-8.15276,0.0],[139.08177,-8.13666,0.0],[139.09748,-8.13273,0.0],[139.13821,-8.11844,0.0],[139.16401,-8.11174,0.0],[139.20735,-8.09685,0.0],[139.22295,-8.09477,0.0],[139.22585,-8.09841,0.0],[139.23025,-8.08216,0.0],[139.24292,-8.06855,0.0],[139.24068,-8.06248,0.0],[139.2304,-8.05324,0.0],[139.22873,-8.04632,0.0],[139.23246,-8.03655,0.0],[139.23483,-8.01862,0.0],[139.24207,-8.0035,0.0],[139.2428,-7.99685,0.0],[139.24051,-7.99235,0.0],[139.23614,-7.99155,0.0],[139.22441,-8.00508,0.0],[139.22115,-8.00552,0.0],[139.21746,-8.00334,0.0],[139.21629,-7.99684,0.0],[139.22146,-7.98186,0.0],[139.21709,-7.97066,0.0],[139.20789,-7.9629,0.0],[139.20818,-7.95959,0.0],[139.21092,-7.95698,0.0],[139.2189,-7.95378,0.0],[139.22584,-7.95311,0.0],[139.23604,-7.96125,0.0],[139.24429,-7.95634,0.0],[139.24878,-7.95672,0.0],[139.25253,-7.96088,0.0],[139.26193,-7.98432,0.0],[139.26577,-7.98751,0.0],[139.26984,-7.98564,0.0],[139.27437,-7.9752,0.0],[139.28592,-7.97175,0.0],[139.29589,-7.96617,0.0],[139.30197,-7.96584,0.0],[139.30677,-7.96881,0.0],[139.30911,-7.97348,0.0],[139.30767,-7.97666,0.0],[139.30035,-7.9819,0.0],[139.30061,-7.99023,0.0],[139.30483,-7.99313,0.0],[139.31195,-7.99278,0.0],[139.31509,-7.99101,0.0],[139.31516,-7.98744,0.0],[139.31069,-7.97843,0.0],[139.31233,-7.97409,0.0],[139.32822,-7.96707,0.0],[139.33337,-7.96684,0.0],[139.33902,-7.9693,0.0],[139.34002,-7.9789,0.0],[139.34217,-7.98179,0.0],[139.34592,-7.98308,0.0],[139.35088,-7.98205,0.0],[139.35237,-7.97975,0.0],[139.34857,-7.97079,0.0],[139.34886,-7.96541,0.0],[139.35196,-7.95901,0.0],[139.35735,-7.95613,0.0],[139.36286,-7.95565,0.0],[139.36685,-7.95765,0.0],[139.36357,-7.9675,0.0],[139.36484,-7.97045,0.0],[139.375,-7.97263,0.0],[139.38321,-7.9723,0.0],[139.3847,-7.97059,0.0],[139.3784,-7.96374,0.0],[139.37825,-7.96054,0.0],[139.38711,-7.94963,0.0],[139.38988,-7.94905,0.0],[139.39184,-7.95044,0.0],[139.39542,-7.96166,0.0],[139.39797,-7.96512,0.0],[139.40416,-7.96794,0.0],[139.40957,-7.96709,0.0],[139.41336,-7.96108,0.0],[139.4144,-7.95435,0.0],[139.40798,-7.94722,0.0],[139.4033,-7.92376,0.0],[139.40512,-7.91898,0.0],[139.4109,-7.91466,0.0],[139.41399,-7.90985,0.0],[139.41746,-7.90943,0.0],[139.42615,-7.92079,0.0],[139.43154,-7.92068,0.0],[139.43755,-7.91657,0.0],[139.43752,-7.91121,0.0],[139.43961,-7.90821,0.0],[139.44542,-7.90897,0.0],[139.45234,-7.90747,0.0],[139.46771,-7.89684,0.0],[139.47726,-7.89796,0.0],[139.48672,-7.89381,0.0],[139.48935,-7.89096,0.0],[139.48832,-7.88156,0.0],[139.49022,-7.87916,0.0],[139.50127,-7.87909,0.0],[139.50794,-7.88101,0.0],[139.51038,-7.88338,0.0],[139.5096,-7.89148,0.0],[139.51957,-7.89069,0.0],[139.52153,-7.8888,0.0],[139.52153,-7.88382,0.0],[139.52412,-7.87906,0.0],[139.5264,-7.86403,0.0],[139.53926,-7.85266,0.0],[139.54433,-7.84328,0.0],[139.55247,-7.84125,0.0],[139.55462,-7.83922,0.0],[139.55938,-7.83954,0.0],[139.563,-7.83631,0.0],[139.5688,-7.8366,0.0],[139.57378,-7.82983,0.0],[139.5911,-7.81969,0.0],[139.5933,-7.81581,0.0],[139.60099,-7.81073,0.0],[139.60461,-7.806,0.0],[139.60205,-7.80016,0.0],[139.59615,-7.79495,0.0],[139.59581,-7.78836,0.0],[139.59323,-7.78435,0.0],[139.58456,-7.78186,0.0],[139.57968,-7.77762,0.0],[139.57492,-7.77927,0.0],[139.5706,-7.77808,0.0],[139.5699,-7.77268,0.0],[139.5641,-7.76729,0.0],[139.5584,-7.76505,0.0],[139.55672,-7.74926,0.0],[139.55275,-7.73516,0.0],[139.54176,-7.7356,0.0],[139.53451,-7.72984,0.0],[139.52631,-7.7285,0.0],[139.51762,-7.72263,0.0],[139.51203,-7.72326,0.0],[139.50854,-7.72885,0.0],[139.5014,-7.71859,0.0],[139.49855,-7.71875,0.0],[139.49763,-7.72059,0.0],[139.49376,-7.71724,0.0],[139.49161,-7.71831,0.0],[139.48513,-7.70811,0.0],[139.47991,-7.70889,0.0],[139.47599,-7.71176,0.0],[139.46658,-7.70669,0.0],[139.46308,-7.70014,0.0],[139.46333,-7.69163,0.0],[139.45955,-7.68551,0.0],[139.4607,-7.68519,0.0],[139.46036,-7.68096,0.0],[139.46304,-7.67905,0.0],[139.46226,-7.67536,0.0],[139.46081,-7.67488,0.0],[139.46202,-7.67217,0.0],[139.45884,-7.66886,0.0],[139.45864,-7.66413,0.0],[139.45725,-7.66461,0.0],[139.45649,-7.66075,0.0],[139.45398,-7.65926,0.0],[139.45128,-7.66041,0.0],[139.44673,-7.65297,0.0],[139.44942,-7.65223,0.0],[139.45017,-7.64672,0.0],[139.45521,-7.64574,0.0],[139.45702,-7.63592,0.0],[139.45469,-7.63549,0.0],[139.45459,-7.63026,0.0],[139.45275,-7.62703,0.0],[139.45506,-7.627,0.0],[139.4543,-7.62396,0.0],[139.45693,-7.62304,0.0],[139.457,-7.6178,0.0],[139.45253,-7.61509,0.0],[139.45139,-7.60955,0.0],[139.44901,-7.60824,0.0],[139.45064,-7.60498,0.0],[139.44676,-7.60295,0.0],[139.44565,-7.59962,0.0],[139.44314,-7.5993,0.0],[139.44356,-7.5965,0.0],[139.44119,-7.59648,0.0],[139.43513,-7.59076,0.0],[139.43104,-7.59187,0.0],[139.42377,-7.58685,0.0],[139.42009,-7.58712,0.0],[139.41336,-7.58044,0.0],[139.41115,-7.56676,0.0],[139.41207,-7.55151,0.0],[139.40611,-7.5442,0.0],[139.40596,-7.54181,0.0],[139.4024,-7.54178,0.0]]]},"properties":{"NAMOBJ":"Tubang","WADMKC":"Tubang","WADMKK":"Merauke","WADMPR":"Papua Selatan"}},{"type":"Feature","geometry":{"type":"Polygon","coordinates":[[[139.40541,-7.30227,0.0],[139.40352,-7.30582,0.0],[139.40465,-7.31226,0.0],[139.40974,-7.31588,0.0],[139.40808,-7.31936,0.0],[139.41061,-7.32591,0.0],[139.41173,-7.33987,0.0],[139.41997,-7.34647,0.0],[139.4276,-7.34655,0.0],[139.43317,-7.35807,0.0],[139.42288,-7.37346,0.0],[139.41816,-7.37653,0.0],[139.40259,-7.38256,0.0],[139.39229,-7.37928,0.0],[139.37988,-7.4014,0.0],[139.38127,-7.40608,0.0],[139.3846,-7.40756,0.0],[139.38329,-7.41365,0.0],[139.38473,-7.41344,0.0],[139.38471,-7.4149,0.0],[139.37894,-7.42035,0.0],[139.37282,-7.41787,0.0],[139.36784,-7.41735,0.0],[139.36592,-7.41858,0.0],[139.36495,-7.42227,0.0],[139.36626,-7.42388,0.0],[139.36341,-7.43013,0.0],[139.36473,-7.43151,0.0],[139.36479,-7.43499,0.0],[139.36341,-7.43573,0.0],[139.36457,-7.44952,0.0],[139.35953,-7.45775,0.0],[139.35617,-7.47336,0.0],[139.3506,-7.47817,0.0],[139.35081,-7.48015,0.0],[139.35384,-7.48095,0.0],[139.35516,-7.48402,0.0],[139.36182,-7.48516,0.0],[139.36346,-7.48716,0.0],[139.36179,-7.49462,0.0],[139.35728,-7.50111,0.0],[139.35867,-7.50447,0.0],[139.35692,-7.51071,0.0],[139.35978,-7.51279,0.0],[139.3614,-7.51819,0.0],[139.36967,-7.52201,0.0],[139.37448,-7.52699,0.0],[139.37853,-7.52752,0.0],[139.37654,-7.53154,0.0],[139.37782,-7.53735,0.0],[139.38111,-7.54027,0.0],[139.3816,-7.54355,0.0],[139.38731,-7.54351,0.0],[139.3931,-7.53989,0.0],[139.40596,-7.54181,0.0],[139.40611,-7.5442,0.0],[139.41207,-7.55151,0.0],[139.41115,-7.56676,0.0],[139.41336,-7.58044,0.0],[139.42023,-7.58719,0.0],[139.42377,-7.58685,0.0],[139.43104,-7.59187,0.0],[139.4347,-7.59067,0.0],[139.43715,-7.59202,0.0],[139.44119,-7.59648,0.0],[139.44356,-7.5965,0.0],[139.44266,-7.5986,0.0],[139.44574,-7.59971,0.0],[139.44676,-7.60295,0.0],[139.45064,-7.60498,0.0],[139.44906,-7.60837,0.0],[139.45139,-7.60955,0.0],[139.45253,-7.61509,0.0],[139.45705,-7.61801,0.0],[139.45693,-7.62304,0.0],[139.4543,-7.62396,0.0],[139.45514,-7.62689,0.0],[139.45275,-7.62703,0.0],[139.45459,-7.63026,0.0],[139.45469,-7.63549,0.0],[139.45702,-7.63635,0.0],[139.45509,-7.646,0.0],[139.45027,-7.64664,0.0],[139.44942,-7.65223,0.0],[139.44673,-7.65297,0.0],[139.45128,-7.66041,0.0],[139.45398,-7.65926,0.0],[139.45649,-7.66075,0.0],[139.45725,-7.66461,0.0],[139.45864,-7.66413,0.0],[139.45884,-7.66886,0.0],[139.46202,-7.67217,0.0],[139.46081,-7.67488,0.0],[139.46226,-7.67536,0.0],[139.46304,-7.67905,0.0],[139.46036,-7.68096,0.0],[139.4607,-7.68519,0.0],[139.45955,-7.68551,0.0],[139.46333,-7.69163,0.0],[139.46308,-7.70014,0.0],[139.46658,-7.70669,0.0],[139.47599,-7.71176,0.0],[139.47991,-7.70889,0.0],[139.48513,-7.70811,0.0],[139.49161,-7.71831,0.0],[139.49376,-7.71724,0.0],[139.49763,-7.72059,0.0],[139.49855,-7.71875,0.0],[139.5014,-7.71859,0.0],[139.50854,-7.72885,0.0],[139.51203,-7.72326,0.0],[139.51762,-7.72263,0.0],[139.52631,-7.7285,0.0],[139.53451,-7.72984,0.0],[139.54176,-7.7356,0.0],[139.55275,-7.73516,0.0],[139.55672,-7.74926,0.0],[139.5584,-7.76505,0.0],[139.5641,-7.76729,0.0],[139.5699,-7.77268,0.0],[139.5706,-7.77808,0.0],[139.57492,-7.77927,0.0],[139.57968,-7.77762,0.0],[139.58456,-7.78186,0.0],[139.59323,-7.78435,0.0],[139.59581,-7.78836,0.0],[139.59615,-7.79495,0.0],[139.60174,-7.79977,0.0],[139.60479,-7.80538,0.0],[139.60099,-7.81073,0.0],[139.5933,-7.81581,0.0],[139.5911,-7.81969,0.0],[139.57378,-7.82983,0.0],[139.5688,-7.8366,0.0],[139.563,-7.83631,0.0],[139.55938,-7.83954,0.0],[139.55462,-7.83922,0.0],[139.55247,-7.84125,0.0],[139.54433,-7.84328,0.0],[139.53926,-7.85266,0.0],[139.52621,-7.86441,0.0],[139.52138,-7.88903,0.0],[139.5187,-7.891,0.0],[139.5096,-7.89148,0.0],[139.51177,-7.89807,0.0],[139.51968,-7.90109,0.0],[139.52103,-7.90352,0.0],[139.52008,-7.90556,0.0],[139.51222,-7.90809,0.0],[139.50925,-7.91167,0.0],[139.50954,-7.91447,0.0],[139.51768,-7.92304,0.0],[139.52095,-7.92455,0.0],[139.52398,-7.92291,0.0],[139.52512,-7.91276,0.0],[139.52742,-7.91053,0.0],[139.52935,-7.912,0.0],[139.53003,-7.91885,0.0],[139.53705,-7.92184,0.0],[139.54245,-7.91946,0.0],[139.54707,-7.91474,0.0],[139.55912,-7.91661,0.0],[139.56389,-7.90996,0.0],[139.57493,-7.90617,0.0],[139.57709,-7.90717,0.0],[139.58563,-7.92116,0.0],[139.58897,-7.92312,0.0],[139.58884,-7.91589,0.0],[139.59043,-7.91212,0.0],[139.60417,-7.90886,0.0],[139.60787,-7.91084,0.0],[139.60258,-7.91553,0.0],[139.60263,-7.92273,0.0],[139.61043,-7.92803,0.0],[139.61384,-7.92871,0.0],[139.61967,-7.92439,0.0],[139.61199,-7.91655,0.0],[139.61361,-7.913,0.0],[139.61905,-7.91151,0.0],[139.62269,-7.91887,0.0],[139.62639,-7.92062,0.0],[139.63226,-7.9187,0.0],[139.63636,-7.9141,0.0],[139.63608,-7.90859,0.0],[139.63108,-7.90908,0.0],[139.62729,-7.90715,0.0],[139.62773,-7.9035,0.0],[139.63219,-7.89749,0.0],[139.63556,-7.9028,0.0],[139.64167,-7.90609,0.0],[139.64579,-7.90231,0.0],[139.65137,-7.90087,0.0],[139.65513,-7.90235,0.0],[139.65735,-7.90149,0.0],[139.65995,-7.90518,0.0],[139.6655,-7.90592,0.0],[139.67852,-7.90432,0.0],[139.68271,-7.90178,0.0],[139.68632,-7.90365,0.0],[139.6897,-7.90206,0.0],[139.69208,-7.90391,0.0],[139.69423,-7.90135,0.0],[139.69735,-7.90534,0.0],[139.70155,-7.9002,0.0],[139.71672,-7.89624,0.0],[139.75175,-7.80645,0.0],[139.75674,-7.8027,0.0],[139.77174,-7.80178,0.0],[139.77669,-7.79122,0.0],[139.78531,-7.78371,0.0],[139.78214,-7.77538,0.0],[139.78569,-7.7676,0.0],[139.78449,-7.76141,0.0],[139.78774,-7.75727,0.0],[139.79345,-7.73844,0.0],[139.79647,-7.71269,0.0],[139.802,-7.71,0.0],[139.8024,-7.70736,0.0],[139.8021,-7.70524,0.0],[139.79887,-7.70284,0.0],[139.80115,-7.70003,0.0],[139.79274,-7.69596,0.0],[139.78889,-7.69081,0.0],[139.78927,-7.68902,0.0],[139.79917,-7.68103,0.0],[139.79903,-7.67713,0.0],[139.79552,-7.67566,0.0],[139.7938,-7.6707,0.0],[139.79669,-7.66967,0.0],[139.79997,-7.67143,0.0],[139.80759,-7.67108,0.0],[139.81032,-7.66975,0.0],[139.81783,-7.66043,0.0],[139.81586,-7.65558,0.0],[139.83345,-7.64229,0.0],[139.83391,-7.63753,0.0],[139.83954,-7.63396,0.0],[139.84135,-7.62715,0.0],[139.84904,-7.62035,0.0],[139.85149,-7.62011,0.0],[139.85056,-7.61783,0.0],[139.85357,-7.61357,0.0],[139.84888,-7.60128,0.0],[139.84414,-7.5996,0.0],[139.84398,-7.59715,0.0],[139.84649,-7.59034,0.0],[139.85238,-7.58727,0.0],[139.8546,-7.58113,0.0],[139.85428,-7.57641,0.0],[139.85927,-7.57143,0.0],[139.79634,-7.375,0.0],[139.79448,-7.34995,0.0],[139.79232,-7.34964,0.0],[139.78418,-7.35837,0.0],[139.78419,-7.37329,0.0],[139.65919,-7.37245,0.0],[139.65776,-7.37646,0.0],[139.65528,-7.3769,0.0],[139.6542,-7.37971,0.0],[139.64708,-7.3863,0.0],[139.64395,-7.38401,0.0],[139.63039,-7.38584,0.0],[139.62637,-7.38267,0.0],[139.61454,-7.38188,0.0],[139.60524,-7.37609,0.0],[139.60073,-7.37619,0.0],[139.59579,-7.37168,0.0],[139.58952,-7.37175,0.0],[139.58974,-7.37038,0.0],[139.58372,-7.36864,0.0],[139.5809,-7.36565,0.0],[139.58277,-7.36081,0.0],[139.58129,-7.35821,0.0],[139.57507,-7.35435,0.0],[139.56817,-7.3566,0.0],[139.56852,-7.35172,0.0],[139.56562,-7.34823,0.0],[139.55422,-7.34942,0.0],[139.55036,-7.34822,0.0],[139.54808,-7.3458,0.0],[139.5468,-7.34006,0.0],[139.54983,-7.33583,0.0],[139.54744,-7.33438,0.0],[139.53643,-7.33573,0.0],[139.5316,-7.33834,0.0],[139.53217,-7.33211,0.0],[139.52386,-7.32852,0.0],[139.52463,-7.32354,0.0],[139.40541,-7.30227,0.0]]]},"properties":{"NAMOBJ":"Ngguti","WADMKC":"Ngguti","WADMKK":"Merauke","WADMPR":"Papua Selatan"}},{"type":"Feature","geometry":{"type":"Polygon","coordinates":[[[140.10454,-7.17309,0.0],[140.09607,-7.17352,0.0],[140.09841,-7.18133,0.0],[140.0969,-7.18965,0.0],[140.09171,-7.19705,0.0],[140.09042,-7.20641,0.0],[140.08634,-7.20971,0.0],[139.79232,-7.34964,0.0],[139.79448,-7.34995,0.0],[139.79634,-7.375,0.0],[139.85927,-7.57143,0.0],[139.85428,-7.57641,0.0],[139.8546,-7.58113,0.0],[139.85238,-7.58727,0.0],[139.84649,-7.59034,0.0],[139.84398,-7.59715,0.0],[139.84414,-7.5996,0.0],[139.84888,-7.60128,0.0],[139.85357,-7.61357,0.0],[139.85056,-7.61783,0.0],[139.85149,-7.62011,0.0],[139.84904,-7.62035,0.0],[139.84135,-7.62715,0.0],[139.83954,-7.63396,0.0],[139.83391,-7.63753,0.0],[139.83345,-7.64229,0.0],[139.81586,-7.65558,0.0],[139.81783,-7.66043,0.0],[139.81032,-7.66975,0.0],[139.80759,-7.67108,0.0],[139.79997,-7.67143,0.0],[139.79669,-7.66967,0.0],[139.7938,-7.6707,0.0],[139.79552,-7.67566,0.0],[139.79903,-7.67713,0.0],[139.79917,-7.68103,0.0],[139.78927,-7.68902,0.0],[139.78889,-7.69081,0.0],[139.79274,-7.69596,0.0],[139.80115,-7.70003,0.0],[139.79887,-7.70284,0.0],[139.8021,-7.70524,0.0],[139.8024,-7.70736,0.0],[139.802,-7.71,0.0],[139.79647,-7.71269,0.0],[139.79345,-7.73844,0.0],[139.78774,-7.75727,0.0],[139.78449,-7.76141,0.0],[139.78569,-7.7676,0.0],[139.78214,-7.77538,0.0],[139.78531,-7.78371,0.0],[139.77669,-7.79122,0.0],[139.77174,-7.80178,0.0],[139.75674,-7.8027,0.0],[139.75268,-7.80514,0.0],[139.71698,-7.89593,0.0],[139.70155,-7.9002,0.0],[139.69735,-7.90534,0.0],[139.70168,-7.9109,0.0],[139.70208,-7.91879,0.0],[139.69647,-7.92718,0.0],[139.69642,-7.93269,0.0],[139.69488,-7.93446,0.0],[139.69654,-7.94525,0.0],[139.69447,-7.95404,0.0],[139.70012,-7.9564,0.0],[139.70734,-7.95602,0.0],[139.71062,-7.95415,0.0],[139.71981,-7.95959,0.0],[139.72475,-7.96925,0.0],[139.72781,-7.96911,0.0],[139.73091,-7.97204,0.0],[139.737,-7.97002,0.0],[139.74028,-7.97379,0.0],[139.74279,-7.97352,0.0],[139.74359,-7.97081,0.0],[139.75574,-7.96195,0.0],[139.76084,-7.95581,0.0],[139.76451,-7.95681,0.0],[139.7674,-7.95295,0.0],[139.78066,-7.95262,0.0],[139.78943,-7.94767,0.0],[139.78845,-7.95002,0.0],[139.79098,-7.95141,0.0],[139.79217,-7.94887,0.0],[139.79077,-7.94614,0.0],[139.79236,-7.94504,0.0],[139.79598,-7.94765,0.0],[139.79792,-7.9463,0.0],[139.80334,-7.94758,0.0],[139.80589,-7.94664,0.0],[139.80523,-7.94378,0.0],[139.80753,-7.94425,0.0],[139.80848,-7.94186,0.0],[139.80847,-7.93576,0.0],[139.81202,-7.93793,0.0],[139.81216,-7.94289,0.0],[139.80945,-7.94345,0.0],[139.81298,-7.9446,0.0],[139.81394,-7.93782,0.0],[139.81289,-7.93578,0.0],[139.81802,-7.93441,0.0],[139.81251,-7.93459,0.0],[139.82032,-7.9311,0.0],[139.82465,-7.93342,0.0],[139.82954,-7.94391,0.0],[139.83321,-7.94622,0.0],[139.83895,-7.94197,0.0],[139.84265,-7.93557,0.0],[139.85347,-7.93186,0.0],[139.85771,-7.92773,0.0],[139.86385,-7.93172,0.0],[139.87085,-7.92862,0.0],[139.88071,-7.92876,0.0],[139.88298,-7.93209,0.0],[139.89406,-7.93608,0.0],[139.89792,-7.94032,0.0],[139.90543,-7.94303,0.0],[139.90912,-7.94793,0.0],[139.91061,-7.95766,0.0],[139.915,-7.96108,0.0],[139.90873,-7.96331,0.0],[139.90681,-7.96787,0.0],[139.90988,-7.97273,0.0],[139.91413,-7.97463,0.0],[139.91503,-7.98108,0.0],[139.92361,-7.98303,0.0],[139.93039,-7.98988,0.0],[139.93849,-7.98682,0.0],[139.95809,-7.98908,0.0],[139.96095,-7.99158,0.0],[139.95815,-7.99872,0.0],[139.95877,-8.00712,0.0],[139.95644,-8.01284,0.0],[139.95932,-8.01968,0.0],[139.95876,-8.02872,0.0],[139.95569,-8.03197,0.0],[139.9514,-8.04443,0.0],[139.9537,-8.04849,0.0],[139.94864,-8.05492,0.0],[139.94924,-8.05889,0.0],[139.96718,-8.06934,0.0],[139.97303,-8.08055,0.0],[139.97763,-8.08392,0.0],[139.97853,-8.08965,0.0],[139.98435,-8.09628,0.0],[139.99645,-8.08425,0.0],[140.01057,-8.07681,0.0],[140.02064,-8.07535,0.0],[140.04832,-8.07748,0.0],[140.05771,-8.07453,0.0],[140.06685,-8.06679,0.0],[140.06801,-8.061,0.0],[140.06676,-8.05359,0.0],[140.0593,-8.03887,0.0],[140.05156,-8.02857,0.0],[140.04977,-8.01949,0.0],[140.05309,-7.99121,0.0],[140.06235,-7.96276,0.0],[140.06353,-7.95313,0.0],[140.06218,-7.93734,0.0],[140.06303,-7.92599,0.0],[140.06904,-7.90596,0.0],[140.07386,-7.90327,0.0],[140.07949,-7.90312,0.0],[140.10384,-7.91049,0.0],[140.12145,-7.92625,0.0],[140.12987,-7.92816,0.0],[140.13586,-7.92458,0.0],[140.13922,-7.9179,0.0],[140.14006,-7.90407,0.0],[140.13707,-7.88465,0.0],[140.13944,-7.88037,0.0],[140.15659,-7.88178,0.0],[140.16596,-7.87529,0.0],[140.17065,-7.87394,0.0],[140.17506,-7.87555,0.0],[140.18301,-7.88513,0.0],[140.18913,-7.88665,0.0],[140.19438,-7.8846,0.0],[140.21436,-7.86765,0.0],[140.21434,-7.86398,0.0],[140.20406,-7.85424,0.0],[140.17719,-7.83819,0.0],[140.17498,-7.83463,0.0],[140.1826,-7.81544,0.0],[140.18644,-7.81596,0.0],[140.19513,-7.82523,0.0],[140.2,-7.82469,0.0],[140.21183,-7.81969,0.0],[140.21212,-7.81631,0.0],[140.20692,-7.80658,0.0],[140.2119,-7.7937,0.0],[140.21171,-7.77484,0.0],[140.2065,-7.76254,0.0],[140.22294,-7.75719,0.0],[140.22442,-7.75514,0.0],[140.22108,-7.74089,0.0],[140.21861,-7.73807,0.0],[140.21694,-7.73928,0.0],[140.21464,-7.74856,0.0],[140.19993,-7.7408,0.0],[140.19437,-7.75639,0.0],[140.19176,-7.7564,0.0],[140.18916,-7.75274,0.0],[140.18832,-7.74627,0.0],[140.19801,-7.73919,0.0],[140.20011,-7.72782,0.0],[140.19108,-7.71314,0.0],[140.19395,-7.69823,0.0],[140.19631,-7.69789,0.0],[140.21012,-7.70482,0.0],[140.21613,-7.7097,0.0],[140.21795,-7.70793,0.0],[140.21891,-7.69746,0.0],[140.22173,-7.69535,0.0],[140.22893,-7.6979,0.0],[140.23326,-7.70461,0.0],[140.2426,-7.70324,0.0],[140.24855,-7.7042,0.0],[140.25406,-7.70156,0.0],[140.26394,-7.70898,0.0],[140.26835,-7.71475,0.0],[140.27277,-7.71605,0.0],[140.27463,-7.71495,0.0],[140.2746,-7.71204,0.0],[140.26427,-7.69824,0.0],[140.27344,-7.68229,0.0],[140.27504,-7.68192,0.0],[140.27627,-7.68426,0.0],[140.27749,-7.69006,0.0],[140.2767,-7.69642,0.0],[140.27806,-7.69794,0.0],[140.28557,-7.68832,0.0],[140.29775,-7.68201,0.0],[140.2914,-7.66984,0.0],[140.28504,-7.66183,0.0],[140.27316,-7.652,0.0],[140.26875,-7.64085,0.0],[140.2662,-7.62437,0.0],[140.26069,-7.62127,0.0],[140.25151,-7.60445,0.0],[140.2469,-7.60094,0.0],[140.24567,-7.59408,0.0],[140.23771,-7.59155,0.0],[140.22196,-7.58008,0.0],[140.2239,-7.5635,0.0],[140.22236,-7.55893,0.0],[140.22671,-7.54395,0.0],[140.22447,-7.54217,0.0],[140.21754,-7.54099,0.0],[140.21367,-7.52876,0.0],[140.20864,-7.5245,0.0],[140.21039,-7.52147,0.0],[140.21012,-7.51719,0.0],[140.20325,-7.51602,0.0],[140.20157,-7.51421,0.0],[140.20433,-7.50786,0.0],[140.20647,-7.48955,0.0],[140.19645,-7.4586,0.0],[140.19105,-7.4545,0.0],[140.18119,-7.45404,0.0],[140.1652,-7.43419,0.0],[140.16248,-7.42721,0.0],[140.15867,-7.42577,0.0],[140.15579,-7.42233,0.0],[140.15572,-7.41921,0.0],[140.15941,-7.4165,0.0],[140.16119,-7.409,0.0],[140.15968,-7.40244,0.0],[140.16379,-7.39637,0.0],[140.16048,-7.38565,0.0],[140.1622,-7.37513,0.0],[140.15853,-7.37277,0.0],[140.1577,-7.36885,0.0],[140.15078,-7.36535,0.0],[140.14681,-7.3572,0.0],[140.14384,-7.35737,0.0],[140.14548,-7.35303,0.0],[140.14438,-7.35161,0.0],[140.14756,-7.35082,0.0],[140.14692,-7.34837,0.0],[140.14983,-7.34559,0.0],[140.1359,-7.34067,0.0],[140.13357,-7.33811,0.0],[140.13227,-7.33573,0.0],[140.13578,-7.33114,0.0],[140.13558,-7.32827,0.0],[140.13095,-7.32661,0.0],[140.12988,-7.32422,0.0],[140.12174,-7.32352,0.0],[140.1214,-7.32071,0.0],[140.11986,-7.31998,0.0],[140.11637,-7.32019,0.0],[140.11945,-7.31581,0.0],[140.11679,-7.31302,0.0],[140.11679,-7.30861,0.0],[140.11478,-7.3075,0.0],[140.11605,-7.30367,0.0],[140.11514,-7.30182,0.0],[140.11194,-7.30112,0.0],[140.11171,-7.29358,0.0],[140.10781,-7.29326,0.0],[140.11244,-7.28889,0.0],[140.10916,-7.28359,0.0],[140.11015,-7.27603,0.0],[140.10881,-7.27229,0.0],[140.11417,-7.25529,0.0],[140.11221,-7.25166,0.0],[140.11317,-7.24795,0.0],[140.11162,-7.24409,0.0],[140.11305,-7.22918,0.0],[140.11876,-7.22279,0.0],[140.11932,-7.21916,0.0],[140.11162,-7.19742,0.0],[140.10879,-7.17874,0.0],[140.10454,-7.17309,0.0]]]},"properties":{"NAMOBJ":"Kaptel","WADMKC":"Kaptel","WADMKK":"Merauke","WADMPR":"Papua Selatan"}},{"type":"Feature","geometry":{"type":"Polygon","coordinates":[[[138.66981,-7.3676,0.0],[138.66784,-7.36636,0.0],[138.66766,-7.36781,0.0],[138.66128,-7.37001,0.0],[138.64557,-7.3726,0.0],[138.64418,-7.3699,0.0],[138.63263,-7.37119,0.0],[138.62512,-7.36863,0.0],[138.62571,-7.37194,0.0],[138.56329,-7.38686,0.0],[138.5337,-7.39141,0.0],[138.50809,-7.39244,0.0],[138.46374,-7.39977,0.0],[138.46257,-7.39878,0.0],[138.45639,-7.40054,0.0],[138.44585,-7.40073,0.0],[138.44383,-7.40299,0.0],[138.42736,-7.40334,0.0],[138.41476,-7.40682,0.0],[138.40599,-7.40687,0.0],[138.3888,-7.41169,0.0],[138.38602,-7.41042,0.0],[138.37909,-7.41341,0.0],[138.36323,-7.41613,0.0],[138.35327,-7.4202,0.0],[138.3434,-7.42101,0.0],[138.33752,-7.42479,0.0],[138.31985,-7.42993,0.0],[138.3161,-7.4295,0.0],[138.3119,-7.43248,0.0],[138.29548,-7.43734,0.0],[138.2685,-7.4494,0.0],[138.26457,-7.4489,0.0],[138.26472,-7.45104,0.0],[138.2201,-7.46932,0.0],[138.20375,-7.48102,0.0],[138.19647,-7.48388,0.0],[138.17584,-7.49659,0.0],[138.13358,-7.52578,0.0],[138.12295,-7.53528,0.0],[138.11774,-7.5377,0.0],[138.11403,-7.54234,0.0],[138.10824,-7.54556,0.0],[138.1031,-7.55169,0.0],[138.09961,-7.55262,0.0],[138.09975,-7.55512,0.0],[138.08661,-7.56954,0.0],[138.08757,-7.57328,0.0],[138.08655,-7.57468,0.0],[138.08206,-7.57618,0.0],[138.07641,-7.57567,0.0],[138.07375,-7.58359,0.0],[138.06141,-7.5906,0.0],[138.033,-7.61934,0.0],[138.03897,-7.62194,0.0],[138.0409,-7.62565,0.0],[138.0354,-7.63262,0.0],[138.03612,-7.63897,0.0],[138.04015,-7.64552,0.0],[138.05579,-7.65011,0.0],[138.06124,-7.65676,0.0],[138.06502,-7.65763,0.0],[138.0667,-7.6671,0.0],[138.07523,-7.67465,0.0],[138.07338,-7.6814,0.0],[138.07505,-7.68865,0.0],[138.07968,-7.69024,0.0],[138.0819,-7.69342,0.0],[138.09481,-7.70167,0.0],[138.10189,-7.70443,0.0],[138.10596,-7.69366,0.0],[138.1125,-7.69728,0.0],[138.12239,-7.69212,0.0],[138.12929,-7.69361,0.0],[138.12885,-7.69936,0.0],[138.13364,-7.70103,0.0],[138.13695,-7.70681,0.0],[138.13696,-7.71932,0.0],[138.13611,-7.72373,0.0],[138.13326,-7.72354,0.0],[138.12648,-7.72968,0.0],[138.12346,-7.72915,0.0],[138.12116,-7.73092,0.0],[138.12155,-7.73865,0.0],[138.13093,-7.74463,0.0],[138.13381,-7.75094,0.0],[138.13747,-7.75459,0.0],[138.15653,-7.76636,0.0],[138.17723,-7.78207,0.0],[138.18859,-7.8008,0.0],[138.20356,-7.81088,0.0],[138.2107,-7.81897,0.0],[138.22385,-7.84088,0.0],[138.24511,-7.84736,0.0],[138.24918,-7.85083,0.0],[138.25491,-7.86575,0.0],[138.26025,-7.89762,0.0],[138.26446,-7.90624,0.0],[138.26887,-7.91025,0.0],[138.27769,-7.91285,0.0],[138.29812,-7.91205,0.0],[138.33279,-7.90443,0.0],[138.35703,-7.90183,0.0],[138.37046,-7.90383,0.0],[138.38887,-7.90964,0.0],[138.39877,-7.9105,0.0],[138.40258,-7.91164,0.0],[138.40862,-7.91652,0.0],[138.42133,-7.91521,0.0],[138.43716,-7.91123,0.0],[138.44731,-7.90464,0.0],[138.46887,-7.88593,0.0],[138.48359,-7.86333,0.0],[138.49162,-7.85544,0.0],[138.50177,-7.85278,0.0],[138.52068,-7.85577,0.0],[138.53712,-7.85607,0.0],[138.55494,-7.85166,0.0],[138.57598,-7.84055,0.0],[138.58035,-7.84035,0.0],[138.58425,-7.84235,0.0],[138.59244,-7.84102,0.0],[138.6031,-7.83369,0.0],[138.61309,-7.82208,0.0],[138.62375,-7.81294,0.0],[138.64854,-7.79876,0.0],[138.64318,-7.79181,0.0],[138.63252,-7.78617,0.0],[138.6318,-7.78126,0.0],[138.62656,-7.77814,0.0],[138.62781,-7.77171,0.0],[138.62593,-7.76828,0.0],[138.62716,-7.75092,0.0],[138.62809,-7.74928,0.0],[138.63265,-7.74811,0.0],[138.6352,-7.74433,0.0],[138.63185,-7.74244,0.0],[138.6336,-7.73982,0.0],[138.63259,-7.73697,0.0],[138.62772,-7.73757,0.0],[138.62577,-7.7345,0.0],[138.62704,-7.72793,0.0],[138.63118,-7.72613,0.0],[138.63223,-7.72409,0.0],[138.62657,-7.72178,0.0],[138.62618,-7.71969,0.0],[138.62907,-7.71765,0.0],[138.62889,-7.71402,0.0],[138.63399,-7.71337,0.0],[138.63522,-7.7114,0.0],[138.63504,-7.70163,0.0],[138.63793,-7.69311,0.0],[138.63795,-7.6851,0.0],[138.64071,-7.68312,0.0],[138.64599,-7.68272,0.0],[138.64637,-7.68124,0.0],[138.64893,-7.68154,0.0],[138.64995,-7.67824,0.0],[138.64817,-7.67768,0.0],[138.64836,-7.67089,0.0],[138.64146,-7.66256,0.0],[138.63859,-7.66272,0.0],[138.63784,-7.6567,0.0],[138.63524,-7.65474,0.0],[138.63557,-7.64962,0.0],[138.63157,-7.6464,0.0],[138.63262,-7.64328,0.0],[138.62221,-7.63932,0.0],[138.62275,-7.63626,0.0],[138.6212,-7.6336,0.0],[138.61851,-7.63346,0.0],[138.60606,-7.62466,0.0],[138.59887,-7.62284,0.0],[138.59728,-7.62073,0.0],[138.60268,-7.60947,0.0],[138.60057,-7.60487,0.0],[138.60534,-7.59372,0.0],[138.60227,-7.59019,0.0],[138.60104,-7.58407,0.0],[138.59752,-7.5849,0.0],[138.59512,-7.58308,0.0],[138.59772,-7.56806,0.0],[138.59656,-7.54872,0.0],[138.60231,-7.52621,0.0],[138.6019,-7.51702,0.0],[138.59499,-7.50008,0.0],[138.60371,-7.4849,0.0],[138.60624,-7.48409,0.0],[138.61711,-7.47226,0.0],[138.61549,-7.46686,0.0],[138.61606,-7.45934,0.0],[138.62246,-7.44447,0.0],[138.62171,-7.4318,0.0],[138.61926,-7.42668,0.0],[138.6208,-7.42167,0.0],[138.62949,-7.41865,0.0],[138.63505,-7.41386,0.0],[138.64206,-7.41203,0.0],[138.64331,-7.40895,0.0],[138.64744,-7.40766,0.0],[138.64968,-7.41137,0.0],[138.65831,-7.41371,0.0],[138.65726,-7.41729,0.0],[138.66076,-7.42433,0.0],[138.66378,-7.42637,0.0],[138.6675,-7.42611,0.0],[138.67251,-7.43094,0.0],[138.67054,-7.43495,0.0],[138.67528,-7.43584,0.0],[138.67715,-7.43845,0.0],[138.6804,-7.43789,0.0],[138.68392,-7.43965,0.0],[138.68865,-7.44633,0.0],[138.69876,-7.45424,0.0],[138.70825,-7.44887,0.0],[138.71367,-7.4379,0.0],[138.71748,-7.43521,0.0],[138.72336,-7.42563,0.0],[138.72396,-7.41764,0.0],[138.73032,-7.41546,0.0],[138.7366,-7.41648,0.0],[138.74272,-7.41305,0.0],[138.74419,-7.42107,0.0],[138.73952,-7.43558,0.0],[138.74079,-7.44179,0.0],[138.73858,-7.44389,0.0],[138.73713,-7.44905,0.0],[138.73611,-7.4696,0.0],[138.7434,-7.48611,0.0],[138.74664,-7.48954,0.0],[138.74871,-7.49838,0.0],[138.75188,-7.50135,0.0],[138.75533,-7.50003,0.0],[138.75858,-7.50089,0.0],[138.76596,-7.49694,0.0],[138.79261,-7.49972,0.0],[138.8064,-7.49728,0.0],[138.81499,-7.50955,0.0],[138.81946,-7.5134,0.0],[138.82991,-7.51269,0.0],[138.83668,-7.51769,0.0],[138.8397,-7.5137,0.0],[138.83941,-7.52094,0.0],[138.84752,-7.52063,0.0],[138.85092,-7.52206,0.0],[138.85284,-7.52567,0.0],[138.85043,-7.53033,0.0],[138.84278,-7.5341,0.0],[138.84222,-7.53738,0.0],[138.84585,-7.53948,0.0],[138.85214,-7.53956,0.0],[138.85244,-7.54619,0.0],[138.85778,-7.549,0.0],[138.85841,-7.55355,0.0],[138.86034,-7.55585,0.0],[138.86394,-7.55686,0.0],[138.86426,-7.55915,0.0],[138.86759,-7.55942,0.0],[138.86874,-7.56608,0.0],[138.87433,-7.56494,0.0],[138.874,-7.55855,0.0],[138.88098,-7.55523,0.0],[138.88117,-7.54973,0.0],[138.88843,-7.55511,0.0],[138.89715,-7.55579,0.0],[138.90475,-7.54885,0.0],[138.90523,-7.54645,0.0],[138.90153,-7.54072,0.0],[138.90145,-7.52534,0.0],[138.91003,-7.53576,0.0],[138.91689,-7.53253,0.0],[138.92687,-7.53605,0.0],[138.92493,-7.53265,0.0],[138.91127,-7.52195,0.0],[138.89805,-7.50446,0.0],[138.88607,-7.4825,0.0],[138.87514,-7.45329,0.0],[138.86647,-7.43887,0.0],[138.84486,-7.41656,0.0],[138.82759,-7.40263,0.0],[138.82394,-7.4022,0.0],[138.81102,-7.3921,0.0],[138.80262,-7.39014,0.0],[138.78892,-7.38075,0.0],[138.77116,-7.37473,0.0],[138.75973,-7.37427,0.0],[138.7397,-7.3689,0.0],[138.72899,-7.36905,0.0],[138.72758,-7.37035,0.0],[138.70895,-7.36764,0.0],[138.69231,-7.36782,0.0],[138.69326,-7.37025,0.0],[138.69109,-7.37082,0.0],[138.68418,-7.36867,0.0],[138.67889,-7.36968,0.0],[138.67468,-7.36723,0.0],[138.67209,-7.3671,0.0],[138.67109,-7.36869,0.0],[138.66981,-7.3676,0.0]]]},"properties":{"NAMOBJ":"Tabonji","WADMKC":"Tabonji","WADMKK":"Merauke","WADMPR":"Papua Selatan"}},{"type":"Feature","geometry":{"type":"Polygon","coordinates":[[[137.81373,-8.04022,0.0],[137.79929,-8.04516,0.0],[137.79359,-8.04906,0.0],[137.78743,-8.05018,0.0],[137.77955,-8.05816,0.0],[137.77776,-8.0629,0.0],[137.77205,-8.0627,0.0],[137.76407,-8.07611,0.0],[137.76412,-8.07805,0.0],[137.76748,-8.08067,0.0],[137.76325,-8.08183,0.0],[137.76283,-8.08467,0.0],[137.7603,-8.08448,0.0],[137.75532,-8.09031,0.0],[137.75261,-8.09759,0.0],[137.75002,-8.0983,0.0],[137.74021,-8.11151,0.0],[137.74048,-8.11453,0.0],[137.73867,-8.11531,0.0],[137.74086,-8.11499,0.0],[137.7389,-8.11669,0.0],[137.73714,-8.11571,0.0],[137.73868,-8.11761,0.0],[137.73712,-8.11689,0.0],[137.73437,-8.1201,0.0],[137.73216,-8.12697,0.0],[137.7267,-8.1324,0.0],[137.72617,-8.13756,0.0],[137.72269,-8.13806,0.0],[137.72157,-8.14204,0.0],[137.71332,-8.15089,0.0],[137.71162,-8.15931,0.0],[137.70797,-8.16178,0.0],[137.70271,-8.17387,0.0],[137.70052,-8.17474,0.0],[137.69961,-8.17975,0.0],[137.69541,-8.18664,0.0],[137.69615,-8.18792,0.0],[137.69352,-8.18814,0.0],[137.69114,-8.19698,0.0],[137.69214,-8.19771,0.0],[137.68968,-8.19776,0.0],[137.68752,-8.20862,0.0],[137.68506,-8.20917,0.0],[137.68504,-8.21052,0.0],[137.68728,-8.21097,0.0],[137.68499,-8.21136,0.0],[137.68398,-8.21691,0.0],[137.68194,-8.21857,0.0],[137.68442,-8.22118,0.0],[137.68109,-8.22463,0.0],[137.68083,-8.23179,0.0],[137.67825,-8.23179,0.0],[137.67952,-8.23296,0.0],[137.67733,-8.2381,0.0],[137.67873,-8.23921,0.0],[137.67653,-8.24153,0.0],[137.67699,-8.24689,0.0],[137.67469,-8.24664,0.0],[137.67582,-8.24911,0.0],[137.67382,-8.25033,0.0],[137.67446,-8.2528,0.0],[137.67296,-8.25265,0.0],[137.67332,-8.25689,0.0],[137.67028,-8.26192,0.0],[137.67163,-8.26379,0.0],[137.66919,-8.26563,0.0],[137.66796,-8.27582,0.0],[137.66466,-8.28385,0.0],[137.66569,-8.28549,0.0],[137.66174,-8.30038,0.0],[137.66271,-8.29978,0.0],[137.66312,-8.30222,0.0],[137.66165,-8.30386,0.0],[137.66211,-8.30689,0.0],[137.65991,-8.3086,0.0],[137.66033,-8.31393,0.0],[137.65826,-8.31504,0.0],[137.65953,-8.31749,0.0],[137.65687,-8.32282,0.0],[137.65546,-8.33774,0.0],[137.65385,-8.33888,0.0],[137.6513,-8.35304,0.0],[137.65257,-8.35949,0.0],[137.65033,-8.36086,0.0],[137.64717,-8.37529,0.0],[137.64654,-8.39087,0.0],[137.64426,-8.39356,0.0],[137.63696,-8.42675,0.0],[137.64045,-8.43661,0.0],[137.64676,-8.44497,0.0],[137.65653,-8.45414,0.0],[137.66449,-8.45809,0.0],[137.68141,-8.4518,0.0],[137.68776,-8.44492,0.0],[137.68719,-8.44143,0.0],[137.68983,-8.44157,0.0],[137.6915,-8.4396,0.0],[137.69083,-8.43741,0.0],[137.69375,-8.43307,0.0],[137.6991,-8.43197,0.0],[137.70406,-8.42755,0.0],[137.70426,-8.42535,0.0],[137.70717,-8.42551,0.0],[137.70968,-8.42226,0.0],[137.71339,-8.421,0.0],[137.71324,-8.4187,0.0],[137.71874,-8.41644,0.0],[137.72325,-8.41077,0.0],[137.75118,-8.40227,0.0],[137.85542,-8.38391,0.0],[137.86064,-8.38122,0.0],[137.87003,-8.37203,0.0],[137.87562,-8.37934,0.0],[137.88336,-8.38177,0.0],[137.94333,-8.38437,0.0],[137.97613,-8.384,0.0],[137.99465,-8.38029,0.0],[137.99609,-8.38237,0.0],[138.00401,-8.38353,0.0],[138.08072,-8.38455,0.0],[138.09903,-8.37977,0.0],[138.10411,-8.38279,0.0],[138.10911,-8.38335,0.0],[138.13689,-8.38137,0.0],[138.16967,-8.38217,0.0],[138.18608,-8.38122,0.0],[138.19002,-8.37966,0.0],[138.19924,-8.38174,0.0],[138.22286,-8.37696,0.0],[138.22809,-8.37938,0.0],[138.22916,-8.37319,0.0],[138.23582,-8.36324,0.0],[138.23522,-8.35175,0.0],[138.23953,-8.34928,0.0],[138.24673,-8.34949,0.0],[138.24865,-8.34743,0.0],[138.2459,-8.32454,0.0],[138.24913,-8.31339,0.0],[138.24597,-8.30503,0.0],[138.24381,-8.28828,0.0],[138.24711,-8.28845,0.0],[138.24752,-8.28684,0.0],[138.24984,-8.28793,0.0],[138.25328,-8.28329,0.0],[138.25229,-8.27769,0.0],[138.25685,-8.27217,0.0],[138.25846,-8.25472,0.0],[138.264,-8.24742,0.0],[138.26145,-8.24288,0.0],[138.2461,-8.25263,0.0],[138.23063,-8.25727,0.0],[138.22308,-8.26842,0.0],[138.21692,-8.2717,0.0],[138.20161,-8.27014,0.0],[138.18562,-8.26536,0.0],[138.17334,-8.26507,0.0],[138.16684,-8.26714,0.0],[138.15385,-8.28206,0.0],[138.13208,-8.28377,0.0],[138.12715,-8.28242,0.0],[138.11095,-8.27278,0.0],[138.09674,-8.26871,0.0],[138.09146,-8.26943,0.0],[138.08539,-8.27292,0.0],[138.06662,-8.28941,0.0],[138.05848,-8.29084,0.0],[138.0492,-8.28656,0.0],[138.04592,-8.28684,0.0],[138.03164,-8.26907,0.0],[138.02686,-8.26743,0.0],[138.02172,-8.2695,0.0],[138.01164,-8.27026,0.0],[138.0058,-8.2662,0.0],[137.99772,-8.2534,0.0],[137.9901,-8.2501,0.0],[137.98576,-8.25373,0.0],[137.98785,-8.24314,0.0],[137.98194,-8.23728,0.0],[137.98063,-8.23269,0.0],[137.97055,-8.22836,0.0],[137.96327,-8.22261,0.0],[137.95765,-8.22528,0.0],[137.95244,-8.22221,0.0],[137.95198,-8.21839,0.0],[137.9565,-8.21339,0.0],[137.95518,-8.20897,0.0],[137.94059,-8.21128,0.0],[137.93373,-8.20842,0.0],[137.92654,-8.21318,0.0],[137.91816,-8.20958,0.0],[137.90896,-8.20872,0.0],[137.90133,-8.21151,0.0],[137.89456,-8.20681,0.0],[137.88724,-8.20713,0.0],[137.88076,-8.20404,0.0],[137.86171,-8.20039,0.0],[137.85349,-8.19725,0.0],[137.84901,-8.19354,0.0],[137.84506,-8.19351,0.0],[137.8412,-8.1891,0.0],[137.83937,-8.19167,0.0],[137.83929,-8.18989,0.0],[137.8374,-8.19036,0.0],[137.83686,-8.18834,0.0],[137.83531,-8.18992,0.0],[137.83321,-8.18644,0.0],[137.83221,-8.18771,0.0],[137.83042,-8.18642,0.0],[137.83012,-8.18791,0.0],[137.82254,-8.18381,0.0],[137.81942,-8.17968,0.0],[137.83966,-8.16152,0.0],[137.8501,-8.1435,0.0],[137.86245,-8.11507,0.0],[137.85649,-8.11012,0.0],[137.83964,-8.07514,0.0],[137.81402,-8.04252,0.0],[137.81373,-8.04022,0.0]]]},"properties":{"NAMOBJ":"Waan","WADMKC":"Waan","WADMKK":"Merauke","WADMPR":"Papua Selatan"}},{"type":"Feature","geometry":{"type":"Polygon","coordinates":[[[138.76396,-7.18783,0.0],[138.68078,-7.17298,0.0],[138.67634,-7.1965,0.0],[138.67118,-7.20031,0.0],[138.66738,-7.21014,0.0],[138.66974,-7.21584,0.0],[138.68527,-7.22942,0.0],[138.73147,-7.24639,0.0],[138.75121,-7.25824,0.0],[138.77141,-7.2636,0.0],[138.77319,-7.26235,0.0],[138.79339,-7.27833,0.0],[138.80132,-7.29065,0.0],[138.81149,-7.29551,0.0],[138.81599,-7.29942,0.0],[138.82633,-7.3027,0.0],[138.83139,-7.30222,0.0],[138.84363,-7.3069,0.0],[138.85199,-7.3072,0.0],[138.84955,-7.30934,0.0],[138.87009,-7.32508,0.0],[138.90354,-7.3668,0.0],[138.91258,-7.38355,0.0],[138.92151,-7.39439,0.0],[138.923,-7.4019,0.0],[138.92078,-7.40083,0.0],[138.91703,-7.39148,0.0],[138.92199,-7.41063,0.0],[138.93261,-7.43548,0.0],[138.94445,-7.47966,0.0],[138.95765,-7.50972,0.0],[138.96548,-7.51969,0.0],[138.97591,-7.52272,0.0],[139.00519,-7.51607,0.0],[139.03829,-7.51461,0.0],[139.05088,-7.51607,0.0],[139.07578,-7.5247,0.0],[139.08875,-7.53116,0.0],[139.10008,-7.53979,0.0],[139.10405,-7.54602,0.0],[139.11053,-7.57275,0.0],[139.10813,-7.5995,0.0],[139.07292,-7.6259,0.0],[139.06524,-7.63614,0.0],[139.05869,-7.65444,0.0],[139.05613,-7.68872,0.0],[139.05348,-7.69858,0.0],[139.04893,-7.70748,0.0],[139.03272,-7.72755,0.0],[139.01935,-7.74888,0.0],[139.01488,-7.76297,0.0],[139.01426,-7.77675,0.0],[139.01605,-7.79039,0.0],[139.02255,-7.81243,0.0],[139.02477,-7.82705,0.0],[139.02375,-7.83997,0.0],[139.01836,-7.85352,0.0],[139.03105,-7.85532,0.0],[139.03529,-7.85709,0.0],[139.03573,-7.85909,0.0],[139.04141,-7.8592,0.0],[139.04377,-7.86159,0.0],[139.04524,-7.86024,0.0],[139.04872,-7.86072,0.0],[139.04828,-7.8621,0.0],[139.05138,-7.86295,0.0],[139.0498,-7.86594,0.0],[139.05398,-7.87077,0.0],[139.05437,-7.87541,0.0],[139.06078,-7.87805,0.0],[139.06152,-7.88037,0.0],[139.07409,-7.8838,0.0],[139.07551,-7.88907,0.0],[139.07366,-7.89374,0.0],[139.07481,-7.89883,0.0],[139.0692,-7.90459,0.0],[139.06848,-7.90824,0.0],[139.07052,-7.91343,0.0],[139.06776,-7.92541,0.0],[139.06915,-7.93186,0.0],[139.07375,-7.93763,0.0],[139.07672,-7.93898,0.0],[139.07897,-7.94482,0.0],[139.08595,-7.94617,0.0],[139.09069,-7.95065,0.0],[139.09663,-7.94845,0.0],[139.10409,-7.95227,0.0],[139.11458,-7.94216,0.0],[139.11449,-7.93776,0.0],[139.1106,-7.9351,0.0],[139.11004,-7.93154,0.0],[139.11759,-7.91978,0.0],[139.12016,-7.91274,0.0],[139.11968,-7.90635,0.0],[139.12217,-7.90471,0.0],[139.12784,-7.90725,0.0],[139.13019,-7.90641,0.0],[139.13092,-7.89915,0.0],[139.13879,-7.896,0.0],[139.1391,-7.89078,0.0],[139.14229,-7.88718,0.0],[139.13968,-7.88382,0.0],[139.14006,-7.87641,0.0],[139.13118,-7.86839,0.0],[139.12916,-7.8606,0.0],[139.13437,-7.84705,0.0],[139.13992,-7.84146,0.0],[139.14213,-7.82578,0.0],[139.16109,-7.79134,0.0],[139.15931,-7.77277,0.0],[139.16434,-7.76587,0.0],[139.19056,-7.74313,0.0],[139.19138,-7.737,0.0],[139.19513,-7.73099,0.0],[139.19424,-7.7292,0.0],[139.20297,-7.72636,0.0],[139.2078,-7.71897,0.0],[139.20931,-7.71125,0.0],[139.21877,-7.69474,0.0],[139.22173,-7.68411,0.0],[139.22148,-7.67925,0.0],[139.20749,-7.65847,0.0],[139.2093,-7.65309,0.0],[139.21787,-7.64591,0.0],[139.21762,-7.63038,0.0],[139.22132,-7.62633,0.0],[139.21715,-7.62027,0.0],[139.21756,-7.61766,0.0],[139.22255,-7.61576,0.0],[139.22857,-7.61687,0.0],[139.23056,-7.61986,0.0],[139.22976,-7.6245,0.0],[139.23097,-7.62659,0.0],[139.2339,-7.62822,0.0],[139.23828,-7.62681,0.0],[139.241,-7.6276,0.0],[139.24303,-7.63277,0.0],[139.24663,-7.63535,0.0],[139.24965,-7.63405,0.0],[139.24818,-7.62609,0.0],[139.25169,-7.61959,0.0],[139.25489,-7.61918,0.0],[139.26038,-7.62396,0.0],[139.26426,-7.62421,0.0],[139.26638,-7.60884,0.0],[139.26416,-7.60364,0.0],[139.26062,-7.60108,0.0],[139.25608,-7.60045,0.0],[139.25586,-7.61476,0.0],[139.25514,-7.61716,0.0],[139.25355,-7.61746,0.0],[139.2471,-7.60447,0.0],[139.23734,-7.5959,0.0],[139.24122,-7.58795,0.0],[139.24694,-7.59097,0.0],[139.25147,-7.58378,0.0],[139.25684,-7.58249,0.0],[139.25613,-7.5762,0.0],[139.2636,-7.57375,0.0],[139.26779,-7.56791,0.0],[139.26735,-7.56066,0.0],[139.27999,-7.55805,0.0],[139.28008,-7.56002,0.0],[139.27524,-7.56408,0.0],[139.27446,-7.56654,0.0],[139.28245,-7.57751,0.0],[139.28671,-7.57989,0.0],[139.28766,-7.57868,0.0],[139.28389,-7.56836,0.0],[139.28535,-7.56099,0.0],[139.29445,-7.56374,0.0],[139.29952,-7.559,0.0],[139.30287,-7.55988,0.0],[139.30394,-7.56177,0.0],[139.30278,-7.57109,0.0],[139.29935,-7.57658,0.0],[139.30013,-7.58203,0.0],[139.3026,-7.58557,0.0],[139.30342,-7.58421,0.0],[139.30744,-7.58439,0.0],[139.30642,-7.58342,0.0],[139.30772,-7.58268,0.0],[139.31021,-7.58399,0.0],[139.3181,-7.58311,0.0],[139.32098,-7.57684,0.0],[139.3273,-7.58052,0.0],[139.33293,-7.58041,0.0],[139.33777,-7.57667,0.0],[139.33948,-7.57715,0.0],[139.33988,-7.57193,0.0],[139.33711,-7.56763,0.0],[139.33667,-7.56261,0.0],[139.34106,-7.56274,0.0],[139.34501,-7.5572,0.0],[139.3515,-7.55474,0.0],[139.35372,-7.55068,0.0],[139.3599,-7.55262,0.0],[139.36196,-7.55804,0.0],[139.37038,-7.5603,0.0],[139.37998,-7.55668,0.0],[139.37905,-7.55004,0.0],[139.37588,-7.5476,0.0],[139.37843,-7.54347,0.0],[139.3816,-7.54355,0.0],[139.38111,-7.54027,0.0],[139.37782,-7.53735,0.0],[139.37654,-7.53154,0.0],[139.37853,-7.52752,0.0],[139.37448,-7.52699,0.0],[139.36967,-7.52201,0.0],[139.3614,-7.51819,0.0],[139.35978,-7.51279,0.0],[139.35687,-7.51054,0.0],[139.35867,-7.50447,0.0],[139.35728,-7.50111,0.0],[139.36199,-7.49417,0.0],[139.36324,-7.48644,0.0],[139.35516,-7.48402,0.0],[139.35411,-7.4812,0.0],[139.35062,-7.47959,0.0],[139.35079,-7.47706,0.0],[139.353,-7.47734,0.0],[139.35617,-7.47336,0.0],[139.35953,-7.45775,0.0],[139.36457,-7.44952,0.0],[139.36341,-7.43573,0.0],[139.36479,-7.43499,0.0],[139.36473,-7.43151,0.0],[139.36341,-7.43013,0.0],[139.36626,-7.42388,0.0],[139.36499,-7.42173,0.0],[139.36784,-7.41735,0.0],[139.37961,-7.4202,0.0],[139.38471,-7.4149,0.0],[139.38473,-7.41344,0.0],[139.38329,-7.41365,0.0],[139.3846,-7.40756,0.0],[139.38127,-7.40608,0.0],[139.37988,-7.4014,0.0],[139.39229,-7.37928,0.0],[139.40259,-7.38256,0.0],[139.41816,-7.37653,0.0],[139.42288,-7.37346,0.0],[139.43316,-7.3579,0.0],[139.4276,-7.34655,0.0],[139.41997,-7.34647,0.0],[139.41173,-7.33987,0.0],[139.41061,-7.32591,0.0],[139.40808,-7.31936,0.0],[139.40974,-7.31588,0.0],[139.40465,-7.31226,0.0],[139.40352,-7.30582,0.0],[139.40541,-7.30227,0.0],[138.76396,-7.18783,0.0]]]},"properties":{"NAMOBJ":"Ilwayab","WADMKC":"Ilwayab","WADMKK":"Merauke","WADMPR":"Papua Selatan"}},{"type":"Feature","geometry":{"type":"MultiPolygon","coordinates":[[[[138.9432,-7.88142,0.0],[138.92628,-7.8851,0.0],[138.91782,-7.89045,0.0],[138.91316,-7.89581,0.0],[138.91903,-7.89584,0.0],[138.93528,-7.88744,0.0],[138.9432,-7.88142,0.0]]],[[[138.65097,-7.41163,0.0],[138.64744,-7.40766,0.0],[138.64591,-7.40783,0.0],[138.64309,-7.40917,0.0],[138.64206,-7.41203,0.0],[138.63578,-7.41347,0.0],[138.62949,-7.41865,0.0],[138.6208,-7.42167,0.0],[138.61926,-7.42668,0.0],[138.62171,-7.4318,0.0],[138.62246,-7.44447,0.0],[138.61606,-7.45934,0.0],[138.61549,-7.46686,0.0],[138.61711,-7.47226,0.0],[138.60624,-7.48409,0.0],[138.60371,-7.4849,0.0],[138.59499,-7.50008,0.0],[138.6019,-7.51702,0.0],[138.60231,-7.52621,0.0],[138.59656,-7.54872,0.0],[138.59772,-7.56806,0.0],[138.59512,-7.58308,0.0],[138.59752,-7.5849,0.0],[138.60104,-7.58407,0.0],[138.60227,-7.59019,0.0],[138.60534,-7.59372,0.0],[138.60057,-7.60487,0.0],[138.60268,-7.60947,0.0],[138.59728,-7.62073,0.0],[138.59887,-7.62284,0.0],[138.60606,-7.62466,0.0],[138.61851,-7.63346,0.0],[138.6212,-7.6336,0.0],[138.62275,-7.63626,0.0],[138.62221,-7.63932,0.0],[138.63262,-7.64328,0.0],[138.63157,-7.6464,0.0],[138.63557,-7.64962,0.0],[138.63524,-7.65474,0.0],[138.63784,-7.6567,0.0],[138.63859,-7.66272,0.0],[138.63965,-7.66365,0.0],[138.64114,-7.66232,0.0],[138.64513,-7.66606,0.0],[138.64532,-7.66825,0.0],[138.64836,-7.67089,0.0],[138.64817,-7.67768,0.0],[138.64995,-7.67824,0.0],[138.64873,-7.68167,0.0],[138.64637,-7.68124,0.0],[138.64599,-7.68272,0.0],[138.64295,-7.68249,0.0],[138.63803,-7.6849,0.0],[138.63793,-7.69311,0.0],[138.63504,-7.70163,0.0],[138.63522,-7.7114,0.0],[138.63399,-7.71337,0.0],[138.62889,-7.71402,0.0],[138.62907,-7.71765,0.0],[138.62618,-7.71969,0.0],[138.62657,-7.72178,0.0],[138.63226,-7.72386,0.0],[138.63118,-7.72613,0.0],[138.62689,-7.72818,0.0],[138.62582,-7.73497,0.0],[138.62821,-7.73773,0.0],[138.63259,-7.73697,0.0],[138.6336,-7.73982,0.0],[138.63185,-7.74244,0.0],[138.63518,-7.74409,0.0],[138.63265,-7.74811,0.0],[138.62781,-7.7495,0.0],[138.62635,-7.75553,0.0],[138.62593,-7.76828,0.0],[138.62781,-7.77171,0.0],[138.62656,-7.77814,0.0],[138.63236,-7.78202,0.0],[138.63232,-7.78597,0.0],[138.64318,-7.79181,0.0],[138.64854,-7.79876,0.0],[138.65394,-7.79687,0.0],[138.67144,-7.79704,0.0],[138.67986,-7.80059,0.0],[138.68995,-7.79593,0.0],[138.7047,-7.79869,0.0],[138.72374,-7.78574,0.0],[138.75,-7.77865,0.0],[138.75301,-7.78133,0.0],[138.76706,-7.78557,0.0],[138.771,-7.78873,0.0],[138.77798,-7.78969,0.0],[138.77814,-7.78788,0.0],[138.77319,-7.78156,0.0],[138.77667,-7.78015,0.0],[138.77914,-7.75591,0.0],[138.78346,-7.74793,0.0],[138.78125,-7.7362,0.0],[138.78367,-7.73476,0.0],[138.78777,-7.72778,0.0],[138.79082,-7.72655,0.0],[138.79241,-7.72226,0.0],[138.79107,-7.71729,0.0],[138.7929,-7.71334,0.0],[138.7977,-7.71026,0.0],[138.79635,-7.70628,0.0],[138.7995,-7.69932,0.0],[138.79437,-7.6912,0.0],[138.7962,-7.6855,0.0],[138.78808,-7.67574,0.0],[138.7884,-7.67333,0.0],[138.79264,-7.6688,0.0],[138.79206,-7.66046,0.0],[138.79005,-7.65767,0.0],[138.781,-7.6531,0.0],[138.77853,-7.64902,0.0],[138.77446,-7.64855,0.0],[138.77253,-7.64587,0.0],[138.77214,-7.64108,0.0],[138.77524,-7.63528,0.0],[138.77483,-7.63149,0.0],[138.80929,-7.62074,0.0],[138.81611,-7.61731,0.0],[138.81907,-7.61326,0.0],[138.82632,-7.61491,0.0],[138.83466,-7.61456,0.0],[138.8388,-7.6122,0.0],[138.84153,-7.60527,0.0],[138.84566,-7.60446,0.0],[138.85045,-7.60037,0.0],[138.85645,-7.598,0.0],[138.86228,-7.60074,0.0],[138.86721,-7.59992,0.0],[138.86862,-7.59775,0.0],[138.86646,-7.59439,0.0],[138.86205,-7.59173,0.0],[138.85907,-7.59279,0.0],[138.85882,-7.5915,0.0],[138.86391,-7.588,0.0],[138.87111,-7.58784,0.0],[138.87453,-7.59209,0.0],[138.88086,-7.59292,0.0],[138.88249,-7.59768,0.0],[138.88163,-7.60024,0.0],[138.88295,-7.60278,0.0],[138.88462,-7.60278,0.0],[138.88332,-7.61202,0.0],[138.89341,-7.62012,0.0],[138.89088,-7.62579,0.0],[138.88647,-7.62513,0.0],[138.88017,-7.62921,0.0],[138.87465,-7.62933,0.0],[138.87302,-7.63174,0.0],[138.8728,-7.63858,0.0],[138.87595,-7.63991,0.0],[138.88142,-7.646,0.0],[138.8783,-7.6521,0.0],[138.88151,-7.6511,0.0],[138.88228,-7.65233,0.0],[138.88154,-7.65413,0.0],[138.87901,-7.65371,0.0],[138.87985,-7.65734,0.0],[138.87367,-7.65526,0.0],[138.87251,-7.66212,0.0],[138.87587,-7.66497,0.0],[138.87921,-7.66502,0.0],[138.88294,-7.67262,0.0],[138.88799,-7.67603,0.0],[138.88658,-7.67929,0.0],[138.88949,-7.68069,0.0],[138.8871,-7.68282,0.0],[138.88848,-7.68636,0.0],[138.88729,-7.68768,0.0],[138.89418,-7.69759,0.0],[138.89339,-7.70821,0.0],[138.88842,-7.71107,0.0],[138.89057,-7.71723,0.0],[138.88507,-7.73285,0.0],[138.8869,-7.74263,0.0],[138.88895,-7.74399,0.0],[138.88811,-7.74654,0.0],[138.89055,-7.74616,0.0],[138.89132,-7.7479,0.0],[138.89383,-7.74808,0.0],[138.89429,-7.75816,0.0],[138.9031,-7.76129,0.0],[138.9051,-7.76401,0.0],[138.90276,-7.77136,0.0],[138.89436,-7.77137,0.0],[138.88944,-7.77386,0.0],[138.88856,-7.77648,0.0],[138.88857,-7.78155,0.0],[138.89309,-7.7855,0.0],[138.89359,-7.79042,0.0],[138.89843,-7.79527,0.0],[138.89895,-7.80361,0.0],[138.89633,-7.80721,0.0],[138.89591,-7.81303,0.0],[138.89918,-7.81914,0.0],[138.89969,-7.82756,0.0],[138.89492,-7.83176,0.0],[138.89161,-7.83169,0.0],[138.88871,-7.83509,0.0],[138.88925,-7.83706,0.0],[138.88642,-7.83712,0.0],[138.88611,-7.83875,0.0],[138.87988,-7.84174,0.0],[138.87823,-7.85013,0.0],[138.87278,-7.84906,0.0],[138.87002,-7.85217,0.0],[138.86436,-7.85437,0.0],[138.8628,-7.85748,0.0],[138.85753,-7.86102,0.0],[138.86107,-7.86722,0.0],[138.86718,-7.86891,0.0],[138.8669,-7.87119,0.0],[138.86272,-7.87399,0.0],[138.87113,-7.88219,0.0],[138.87018,-7.89106,0.0],[138.86566,-7.89075,0.0],[138.86323,-7.89573,0.0],[138.8741,-7.89834,0.0],[138.87786,-7.89768,0.0],[138.88079,-7.89951,0.0],[138.88198,-7.90276,0.0],[138.89189,-7.90859,0.0],[138.89055,-7.9023,0.0],[138.89375,-7.89507,0.0],[138.89619,-7.89671,0.0],[138.89718,-7.90188,0.0],[138.90898,-7.89015,0.0],[138.93075,-7.87594,0.0],[138.9734,-7.86407,0.0],[138.98537,-7.85843,0.0],[138.99488,-7.84867,0.0],[138.99966,-7.83147,0.0],[138.99764,-7.81207,0.0],[138.99008,-7.77842,0.0],[138.9908,-7.75936,0.0],[138.9948,-7.74564,0.0],[139.00336,-7.72663,0.0],[139.02515,-7.69948,0.0],[139.03311,-7.68707,0.0],[139.03337,-7.65157,0.0],[139.04219,-7.62603,0.0],[139.05555,-7.60787,0.0],[139.08134,-7.58718,0.0],[139.08782,-7.57354,0.0],[139.07918,-7.56775,0.0],[139.04572,-7.56428,0.0],[139.0236,-7.55756,0.0],[138.99467,-7.55854,0.0],[138.95317,-7.55046,0.0],[138.94125,-7.54596,0.0],[138.92952,-7.53707,0.0],[138.91856,-7.5328,0.0],[138.91003,-7.53576,0.0],[138.90212,-7.52523,0.0],[138.90099,-7.52595,0.0],[138.90146,-7.54013,0.0],[138.90523,-7.54645,0.0],[138.90475,-7.54885,0.0],[138.89715,-7.55579,0.0],[138.88843,-7.55511,0.0],[138.88117,-7.54973,0.0],[138.88098,-7.55523,0.0],[138.874,-7.55855,0.0],[138.87433,-7.56494,0.0],[138.86874,-7.56608,0.0],[138.86759,-7.55942,0.0],[138.86426,-7.55915,0.0],[138.86394,-7.55686,0.0],[138.86034,-7.55585,0.0],[138.85841,-7.55355,0.0],[138.85778,-7.549,0.0],[138.85244,-7.54619,0.0],[138.85214,-7.53956,0.0],[138.84585,-7.53948,0.0],[138.84222,-7.53738,0.0],[138.84278,-7.5341,0.0],[138.85043,-7.53033,0.0],[138.85284,-7.52567,0.0],[138.85092,-7.52206,0.0],[138.84752,-7.52063,0.0],[138.83941,-7.52094,0.0],[138.8397,-7.5137,0.0],[138.83668,-7.51769,0.0],[138.82991,-7.51269,0.0],[138.81946,-7.5134,0.0],[138.81499,-7.50955,0.0],[138.8064,-7.49728,0.0],[138.79261,-7.49972,0.0],[138.76596,-7.49694,0.0],[138.75858,-7.50089,0.0],[138.75533,-7.50003,0.0],[138.75188,-7.50135,0.0],[138.74908,-7.49894,0.0],[138.74664,-7.48954,0.0],[138.7434,-7.48611,0.0],[138.74218,-7.4809,0.0],[138.73701,-7.47352,0.0],[138.73582,-7.46662,0.0],[138.73743,-7.44741,0.0],[138.74079,-7.44179,0.0],[138.73952,-7.43558,0.0],[138.74419,-7.42107,0.0],[138.74272,-7.41305,0.0],[138.7366,-7.41648,0.0],[138.73032,-7.41546,0.0],[138.72396,-7.41764,0.0],[138.72336,-7.42563,0.0],[138.71748,-7.43521,0.0],[138.71367,-7.4379,0.0],[138.70825,-7.44887,0.0],[138.69818,-7.45425,0.0],[138.68865,-7.44633,0.0],[138.68392,-7.43965,0.0],[138.6804,-7.43789,0.0],[138.67715,-7.43845,0.0],[138.67528,-7.43584,0.0],[138.67054,-7.43495,0.0],[138.67251,-7.43094,0.0],[138.6675,-7.42611,0.0],[138.66378,-7.42637,0.0],[138.66076,-7.42433,0.0],[138.65726,-7.41729,0.0],[138.65831,-7.41371,0.0],[138.65097,-7.41163,0.0]]]]},"properties":{"NAMOBJ":"Padua","WADMKC":"Padua","WADMKK":"Merauke","WADMPR":"Papua Selatan"}},{"type":"Feature","geometry":{"type":"Polygon","coordinates":[[[138.0367,-7.62157,0.0],[138.033,-7.61934,0.0],[138.02335,-7.63166,0.0],[137.98972,-7.67831,0.0],[137.97665,-7.702,0.0],[137.97175,-7.72616,0.0],[137.97429,-7.72853,0.0],[137.98149,-7.7271,0.0],[137.98249,-7.73232,0.0],[137.97444,-7.73541,0.0],[137.95936,-7.73631,0.0],[137.95581,-7.74082,0.0],[137.95596,-7.74319,0.0],[137.94993,-7.74339,0.0],[137.9387,-7.75196,0.0],[137.91261,-7.78177,0.0],[137.9049,-7.7963,0.0],[137.89537,-7.80976,0.0],[137.89267,-7.81704,0.0],[137.88293,-7.83126,0.0],[137.87803,-7.84208,0.0],[137.87864,-7.84403,0.0],[137.87544,-7.84786,0.0],[137.87198,-7.84834,0.0],[137.86834,-7.85481,0.0],[137.86695,-7.85828,0.0],[137.86837,-7.85878,0.0],[137.86856,-7.86125,0.0],[137.86277,-7.86565,0.0],[137.86058,-7.87377,0.0],[137.85891,-7.87446,0.0],[137.86141,-7.87872,0.0],[137.85757,-7.87911,0.0],[137.85864,-7.88094,0.0],[137.85481,-7.88297,0.0],[137.84935,-7.88929,0.0],[137.85142,-7.89577,0.0],[137.84919,-7.89622,0.0],[137.8465,-7.9034,0.0],[137.83599,-7.91641,0.0],[137.83718,-7.92109,0.0],[137.84112,-7.92196,0.0],[137.84081,-7.92298,0.0],[137.83292,-7.92301,0.0],[137.83349,-7.92807,0.0],[137.82916,-7.93316,0.0],[137.82671,-7.94154,0.0],[137.82512,-7.94173,0.0],[137.81794,-7.95347,0.0],[137.8188,-7.95896,0.0],[137.8215,-7.9604,0.0],[137.8144,-7.96187,0.0],[137.81114,-7.97107,0.0],[137.81302,-7.97358,0.0],[137.80768,-7.97894,0.0],[137.80431,-7.98625,0.0],[137.80443,-7.99008,0.0],[137.7962,-8.00635,0.0],[137.79575,-8.01047,0.0],[137.7978,-8.01309,0.0],[137.79644,-8.01608,0.0],[137.79839,-8.02178,0.0],[137.80897,-8.03267,0.0],[137.8113,-8.03301,0.0],[137.81225,-8.0409,0.0],[137.81373,-8.04022,0.0],[137.81402,-8.04252,0.0],[137.83964,-8.07514,0.0],[137.85649,-8.11012,0.0],[137.86245,-8.11507,0.0],[137.8501,-8.1435,0.0],[137.83966,-8.16152,0.0],[137.81942,-8.17968,0.0],[137.82254,-8.18381,0.0],[137.82816,-8.1871,0.0],[137.83012,-8.18791,0.0],[137.83059,-8.18639,0.0],[137.83221,-8.18771,0.0],[137.83304,-8.18637,0.0],[137.83531,-8.18992,0.0],[137.83706,-8.18837,0.0],[137.83963,-8.19173,0.0],[137.8412,-8.1891,0.0],[137.84488,-8.1934,0.0],[137.84901,-8.19354,0.0],[137.85349,-8.19725,0.0],[137.86171,-8.20039,0.0],[137.88098,-8.2041,0.0],[137.8865,-8.20697,0.0],[137.89456,-8.20681,0.0],[137.90133,-8.21151,0.0],[137.90896,-8.20872,0.0],[137.91816,-8.20958,0.0],[137.92654,-8.21318,0.0],[137.93373,-8.20842,0.0],[137.94059,-8.21128,0.0],[137.95518,-8.20897,0.0],[137.9565,-8.21339,0.0],[137.95198,-8.21839,0.0],[137.95244,-8.22221,0.0],[137.95765,-8.22528,0.0],[137.96327,-8.22261,0.0],[137.97055,-8.22836,0.0],[137.98063,-8.23269,0.0],[137.98194,-8.23728,0.0],[137.98785,-8.24314,0.0],[137.98576,-8.25373,0.0],[137.9901,-8.2501,0.0],[137.99772,-8.2534,0.0],[138.0058,-8.2662,0.0],[138.01164,-8.27026,0.0],[138.02172,-8.2695,0.0],[138.02686,-8.26743,0.0],[138.03164,-8.26907,0.0],[138.04592,-8.28684,0.0],[138.0492,-8.28656,0.0],[138.05848,-8.29084,0.0],[138.06662,-8.28941,0.0],[138.08539,-8.27292,0.0],[138.09146,-8.26943,0.0],[138.09674,-8.26871,0.0],[138.11095,-8.27278,0.0],[138.12715,-8.28242,0.0],[138.13208,-8.28377,0.0],[138.15385,-8.28206,0.0],[138.16684,-8.26714,0.0],[138.17334,-8.26507,0.0],[138.18562,-8.26536,0.0],[138.20161,-8.27014,0.0],[138.21692,-8.2717,0.0],[138.22308,-8.26842,0.0],[138.23063,-8.25727,0.0],[138.2461,-8.25263,0.0],[138.26145,-8.24288,0.0],[138.26811,-8.24335,0.0],[138.29155,-8.2593,0.0],[138.30559,-8.25918,0.0],[138.31356,-8.25415,0.0],[138.31778,-8.2464,0.0],[138.30874,-8.22471,0.0],[138.30879,-8.21481,0.0],[138.31767,-8.20834,0.0],[138.32605,-8.20745,0.0],[138.33156,-8.1967,0.0],[138.33345,-8.19668,0.0],[138.33761,-8.1903,0.0],[138.3393,-8.19093,0.0],[138.33829,-8.19399,0.0],[138.34349,-8.19437,0.0],[138.35109,-8.19911,0.0],[138.35226,-8.20272,0.0],[138.34999,-8.20709,0.0],[138.35376,-8.21397,0.0],[138.35684,-8.21632,0.0],[138.37229,-8.22068,0.0],[138.3786,-8.21963,0.0],[138.3822,-8.22111,0.0],[138.40046,-8.24058,0.0],[138.41063,-8.23608,0.0],[138.43216,-8.22145,0.0],[138.43645,-8.21689,0.0],[138.43626,-8.2143,0.0],[138.43956,-8.21243,0.0],[138.44162,-8.20754,0.0],[138.44566,-8.20647,0.0],[138.44895,-8.20341,0.0],[138.45643,-8.17434,0.0],[138.45478,-8.16378,0.0],[138.44929,-8.14699,0.0],[138.44338,-8.11411,0.0],[138.4204,-8.04232,0.0],[138.41708,-8.02631,0.0],[138.41898,-8.01227,0.0],[138.42755,-7.99395,0.0],[138.42779,-7.98562,0.0],[138.42469,-7.97063,0.0],[138.40732,-7.94017,0.0],[138.40542,-7.93303,0.0],[138.40862,-7.91652,0.0],[138.40258,-7.91164,0.0],[138.39877,-7.9105,0.0],[138.38887,-7.90964,0.0],[138.37046,-7.90383,0.0],[138.35703,-7.90183,0.0],[138.33279,-7.90443,0.0],[138.29812,-7.91205,0.0],[138.27769,-7.91285,0.0],[138.26887,-7.91025,0.0],[138.26446,-7.90624,0.0],[138.26025,-7.89762,0.0],[138.25491,-7.86575,0.0],[138.24918,-7.85083,0.0],[138.24511,-7.84736,0.0],[138.22385,-7.84088,0.0],[138.2107,-7.81897,0.0],[138.20356,-7.81088,0.0],[138.18859,-7.8008,0.0],[138.17723,-7.78207,0.0],[138.15653,-7.76636,0.0],[138.13747,-7.75459,0.0],[138.13381,-7.75094,0.0],[138.13093,-7.74463,0.0],[138.12155,-7.73865,0.0],[138.12116,-7.73092,0.0],[138.12346,-7.72915,0.0],[138.12648,-7.72968,0.0],[138.13326,-7.72354,0.0],[138.13611,-7.72373,0.0],[138.13696,-7.71932,0.0],[138.13695,-7.70681,0.0],[138.13364,-7.70103,0.0],[138.12885,-7.69936,0.0],[138.12929,-7.69361,0.0],[138.12239,-7.69212,0.0],[138.1125,-7.69728,0.0],[138.10559,-7.69378,0.0],[138.10104,-7.70462,0.0],[138.0819,-7.69342,0.0],[138.07935,-7.69003,0.0],[138.07543,-7.68899,0.0],[138.07338,-7.68183,0.0],[138.07523,-7.67465,0.0],[138.0667,-7.6671,0.0],[138.06516,-7.65778,0.0],[138.06124,-7.65676,0.0],[138.05579,-7.65011,0.0],[138.04015,-7.64552,0.0],[138.03612,-7.63897,0.0],[138.0354,-7.63262,0.0],[138.0409,-7.62565,0.0],[138.03897,-7.62194,0.0],[138.0367,-7.62157,0.0]]]},"properties":{"NAMOBJ":"Kontuar","WADMKC":"Kontuar","WADMKK":"Merauke","WADMPR":"Papua Selatan"}}]}